נתונים היסטוריים - סוף יום תל גוב-שקלי 5-10,,,,,,
מתאריך 01/01/2010  עד תאריך 01/08/2025,,,,,,
תאריך,מדד בסיס,מדד פתיחה,מדד נעילה,מדד גבוה,מדד נמוך,שווי שוק כולל (אלפי ש''ח)
31/07/2025,492.59,493.21,492.35,493.69,491.84,
30/07/2025,492.16,492.16,492.59,493.16,492.16,65342190
29/07/2025,492.36,492.85,492.16,492.97,491.6,65285046
28/07/2025,493.65,493.96,492.36,494.3,492.06,65310627
27/07/2025,494.45,494.37,493.65,494.48,493.5,65481914
24/07/2025,495.03,495.1,494.45,495.39,494.11,65588452
23/07/2025,494.62,494.84,495.03,495.56,494.67,65666344
22/07/2025,494.86,494.92,494.62,494.92,494.13,65612412
21/07/2025,494.51,494.65,494.86,495.49,494.48,65245765
20/07/2025,493.92,493.92,494.51,494.94,493.92,65199382
17/07/2025,494.22,494.43,493.92,494.87,493.66,65121982
16/07/2025,495.26,495.26,494.22,495.26,493.95,65161431
15/07/2025,495.19,495.45,495.26,496,494.99,65183579
14/07/2025,496.44,496.44,495.19,496.44,494.57,64724336
13/07/2025,497.67,498.06,496.44,498.06,496.04,64888288
10/07/2025,497.79,498.77,497.67,498.77,497.29,65049318
09/07/2025,495.77,496.2,497.79,497.98,495.77,65020690
08/07/2025,497.2,497.2,495.77,497.2,495.52,63987146
07/07/2025,498.17,498.76,497.2,500.14,497.18,63772026
06/07/2025,497.96,498.88,498.17,499.7,498.12,63896358
03/07/2025,496.54,496.54,497.96,498.59,496.26,63868832
02/07/2025,496.45,496.7,496.54,496.98,495.7,63686453
01/07/2025,496.32,496.71,496.45,497.75,496.19,63625144
30/06/2025,494.74,494.98,496.32,497.51,494.53,63157867
29/06/2025,492.97,493.39,494.74,494.92,493.39,62957215
26/06/2025,491.21,491.21,492.97,493.38,491.21,62731422
25/06/2025,490.59,491.73,491.21,492.83,490.59,62506104
24/06/2025,486.91,488.83,490.59,492.79,488.83,62310946
23/06/2025,487.63,487.71,486.91,488.81,485.34,61449309
22/06/2025,483.65,484.4,487.63,488.08,484.4,61540454
19/06/2025,483.06,483.86,483.65,484.06,482.98,61036367
18/06/2025,481.23,481.8,483.06,483.06,481.05,60961855
17/06/2025,481.66,481.66,481.23,483.42,481.18,60731203
16/06/2025,478.39,478.38,481.66,481.66,478.38,60785525
15/06/2025,479.56,478,478.39,479.11,476.37,60370470
12/06/2025,480.62,480.4,479.56,480.4,477.93,60518339
11/06/2025,481.79,481.79,480.62,482.26,478.96,60653711
10/06/2025,481.12,481.49,481.79,482.09,480.88,60801580
09/06/2025,480.93,481.06,481.12,481.89,480.82,60328877
08/06/2025,482.58,482.15,480.93,482.15,480.61,60305618
05/06/2025,482.07,482.54,482.58,483.91,482.3,60513035
04/06/2025,480.96,480.96,482.07,482.56,479.6,60449387
03/06/2025,482.75,482.75,480.96,483.08,480.96,59874147
29/05/2025,482.54,482.49,482.75,483.48,482,60098866
28/05/2025,482.63,482.63,482.54,483.17,482.2,59964451
27/05/2025,481.47,481.47,482.63,482.99,481.47,61664370
26/05/2025,480.93,481.02,481.47,483.78,480.81,61515238
25/05/2025,479.96,480.32,480.93,481.22,480.32,61446771
22/05/2025,480.58,480.76,479.96,480.76,479.44,61322107
21/05/2025,482,479.52,480.58,481.68,479.52,61401900
20/05/2025,483.07,483.55,482,483.88,481.82,61583705
19/05/2025,484.52,484.18,483.07,484.18,482.53,61721510
18/05/2025,484.73,483.72,484.52,484.89,482.85,61907744
15/05/2025,484.67,484.2,484.73,485.19,484.2,61933519
14/05/2025,484.47,484.59,484.67,485.33,484.38,61926186
13/05/2025,484.73,484.71,484.47,485.23,484.27,61900411
12/05/2025,484.44,484.41,484.73,485.27,484.04,61933519
11/05/2025,485.54,485.16,484.44,485.46,484.44,61897289
08/05/2025,485.08,485.08,485.54,486.22,485.08,62037055
07/05/2025,484.65,484.92,485.08,485.88,484.8,61978825
06/05/2025,485.02,485.08,484.65,485.4,484.65,61923500
05/05/2025,485.16,485.3,485.02,485.76,484.94,61970839
04/05/2025,485.78,485.7,485.16,485.7,485.1,61988845
29/04/2025,485.06,485.06,485.78,485.96,485.06,62068856
28/04/2025,484.59,484.81,485.06,485.25,484.39,61976864
27/04/2025,483.77,484.4,484.59,485.13,484.33,61915731
24/04/2025,483.42,483.42,483.77,484.14,482.96,61810162
23/04/2025,482.97,483.52,483.42,484.57,482.94,61766163
22/04/2025,482.39,482.43,482.97,483.28,482.1,61708151
21/04/2025,483.27,483.27,482.39,483.88,482.39,61634166
20/04/2025,483.54,483.98,483.27,483.98,483.04,61747067
17/04/2025,483.84,485.15,483.54,485.15,483.33,61599923
16/04/2025,484.33,484.09,483.84,484.38,483.57,62099169
15/04/2025,482.9,483.35,484.33,484.47,483.35,62161674
14/04/2025,482.23,482.08,482.9,483.19,481.47,61978654
10/04/2025,481.4,484.42,482.23,484.42,481.79,61891640
09/04/2025,482.15,480.27,481.4,481.56,479.56,61784131
08/04/2025,482.74,482.68,482.15,483.31,481.93,61260024
07/04/2025,483.48,484.25,482.74,484.93,482.71,61334277
06/04/2025,481.36,481.99,483.48,484.3,481.99,61428666
03/04/2025,478.99,480.34,481.36,482.01,479.98,61159658
02/04/2025,479.59,480.22,478.99,480.22,478.83,60858242
01/04/2025,479.5,479.71,479.59,480.62,479.42,60934382
31/03/2025,478.37,478.54,479.5,479.85,478.54,60923056
30/03/2025,477.86,478.68,478.37,479.34,478.15,60779584
27/03/2025,478.18,478.18,477.86,478.18,476.93,60714770
26/03/2025,479.39,479.45,478.18,479.85,478.18,60754728
25/03/2025,479.14,479.86,479.39,479.86,478.71,60909212
24/03/2025,479.48,479.75,479.14,479.75,478.13,60877120
23/03/2025,482.18,481.81,479.48,481.86,479.36,60920224
20/03/2025,481.96,482.2,482.18,482.98,482.04,61263800
19/03/2025,482.44,482.8,481.96,482.8,481.7,61234854
18/03/2025,482.44,482.56,482.44,482.56,480.77,61673762
17/03/2025,482.54,482.97,482.44,482.97,482.18,61674076
16/03/2025,480.73,481.99,482.54,483.02,481.66,61687605
13/03/2025,481,481.15,480.73,481.79,479.6,61456038
12/03/2025,481.28,482.03,481,482.06,480.49,61490018
11/03/2025,481.3,481.28,481.28,482.01,481.22,61525885
10/03/2025,481.31,481.74,481.3,482.01,481.3,61529032
09/03/2025,480.71,481,481.31,481.44,480.94,61529346
06/03/2025,481.55,481.49,480.71,481.49,480.63,61452891
05/03/2025,482.59,482.15,481.55,482.53,481.55,61560495
04/03/2025,481.94,482.03,482.59,482.78,482.03,61693269
03/03/2025,482.2,482.59,481.94,482.59,481.6,61610836
02/03/2025,481.3,482.38,482.2,482.56,481.91,61643557
27/02/2025,481.26,481.6,481.3,481.89,481.3,61528088
26/02/2025,481.42,481.32,481.26,481.74,480.88,61523998
25/02/2025,481.54,482.92,481.42,482.92,481.2,61544764
24/02/2025,481.8,481.8,481.54,482.08,481.1,61559866
23/02/2025,481.56,481.96,481.8,483.22,481.76,61592273
20/02/2025,481.14,481.14,481.56,482.19,481.14,61563012
19/02/2025,481.7,481.7,481.14,482.12,481.14,61508581
18/02/2025,481.67,481.64,481.7,482.09,481.48,61580631
17/02/2025,481.96,481.78,481.67,482.13,481.42,61576856
16/02/2025,480.92,481.97,481.96,482.36,481.72,61613353
13/02/2025,479.96,480.63,480.92,481.2,480.44,61480264
12/02/2025,481.47,481.5,479.96,481.7,479.6,61357559
11/02/2025,481.95,481.55,481.47,481.73,480.99,61551371
10/02/2025,481.02,481.15,481.95,481.96,480.46,61613038
09/02/2025,481.51,481.51,481.02,481.51,480.71,61493793
06/02/2025,481.7,481.94,481.51,482.16,481.24,61557349
05/02/2025,479.05,479.29,481.7,481.7,479.26,61580631
04/02/2025,478.69,478.69,479.05,479.11,478.18,61239572
03/02/2025,477.58,477.82,478.69,478.69,477.47,61193007
02/02/2025,477.58,477.73,477.58,477.91,477.13,61049850
30/01/2025,476.8,476.8,477.58,478.16,476.8,61049850
29/01/2025,476.5,477.28,476.8,477.81,476.56,60949798
28/01/2025,476.12,476.21,476.5,476.67,476.09,60910784
27/01/2025,475.97,476.85,476.12,477.62,475.88,60861072
26/01/2025,475.72,475.69,475.97,477.59,475.17,60842509
23/01/2025,476.34,476.34,475.72,476.61,475.6,60807133
22/01/2025,476.6,476.86,476.34,477.44,476.32,60472899
21/01/2025,476.77,477.55,476.6,477.89,476.54,59191095
20/01/2025,476.49,476.49,476.77,477.22,476.31,59212173
19/01/2025,475.34,475.62,476.49,477.01,475.62,59177569
16/01/2025,474.5,475.12,475.34,476.84,475.12,59034952
15/01/2025,472.58,472.77,474.5,474.71,472.51,58930616
14/01/2025,473.19,473.74,472.58,474.45,472.58,58691641
13/01/2025,473.61,473.25,473.19,473.39,472.3,58766199
12/01/2025,475.07,475.07,473.61,475.07,473.44,58818630
09/01/2025,474.73,474.85,475.07,475.3,474.73,59001399
08/01/2025,475.47,475.16,474.73,475.56,473.79,58958719
07/01/2025,475.89,475.98,475.47,476.29,475.25,59050054
06/01/2025,475.61,475.61,475.89,476.29,475.21,59102485
05/01/2025,475.61,475.55,475.61,476.25,475.19,59068407
02/01/2025,475.13,474.82,475.61,475.93,474.82,59067881
01/01/2025,475.12,474.94,475.13,475.49,474.79,59008425
31/12/2024,474.58,474.58,475.12,475.89,474.37,59007998
30/12/2024,473.09,472.68,474.58,475.1,472.41,58939743
29/12/2024,473.22,473.38,473.09,473.57,472.83,58754347
26/12/2024,473.78,474.1,473.22,474.23,472.87,58769450
25/12/2024,473.41,473.41,473.78,474.68,473.41,58839182
24/12/2024,473.35,473.38,473.41,473.61,472.91,58793777
23/12/2024,473.61,474.18,473.35,474.18,473.14,58786226
22/12/2024,473.46,474,473.61,474.57,473.39,58819254
19/12/2024,475.84,473.94,473.46,475.18,473.46,58800901
18/12/2024,476.25,476.14,475.84,476.91,475.82,59098184
17/12/2024,476.29,476.24,476.25,476.41,475.23,59149564
16/12/2024,475.2,476.69,476.29,477.48,475.8,59155540
15/12/2024,475.66,474.74,475.2,475.2,474.27,59018176
12/12/2024,475.27,475.27,475.66,475.73,474.51,59076056
11/12/2024,475.28,475.28,475.27,475.71,474.97,58869786
10/12/2024,475.51,475.33,475.28,476.06,474.72,58385355
09/12/2024,473.1,473.12,475.51,475.96,473.12,58413749
08/12/2024,471.17,471.55,473.1,473.27,471.55,58116060
05/12/2024,470.42,470.83,471.17,471.82,470.83,57878485
04/12/2024,469.9,470.4,470.42,470.42,469.37,57786203
03/12/2024,470.67,471.68,469.9,471.68,469.06,57721107
02/12/2024,472.56,473.15,470.67,473.2,470.67,57816561
01/12/2024,471.63,471.98,472.56,473.96,471.98,58050361
28/11/2024,471.54,471.39,471.63,472.12,471.05,57935426
27/11/2024,471.64,472.11,471.54,473.01,471.54,57925460
26/11/2024,471.92,472.04,471.64,472.73,471.51,57938148
25/11/2024,470.05,470.05,471.92,472.17,470.05,57972282
24/11/2024,468.38,468.63,470.05,470.05,468.6,57741654
21/11/2024,467.95,468.08,468.38,469.11,467.87,57536247
20/11/2024,465.88,465.88,467.95,467.95,465.23,57481721
19/11/2024,465.1,465.26,465.88,467.18,465.25,57227836
18/11/2024,462.6,462.73,465.1,465.17,462.73,57131175
17/11/2024,462.22,462.22,462.6,463.16,461.64,56822763
14/11/2024,462.08,461.48,462.22,462.56,461.35,56776699
13/11/2024,462.03,462.03,462.08,463,461.38,56577417
12/11/2024,462.47,461.59,462.03,462.88,461.59,55388754
11/11/2024,462.64,462.75,462.47,463.97,462.47,55441410
10/11/2024,461.53,461.53,462.64,463.83,461.53,55462412
07/11/2024,459.91,460.23,461.53,461.87,460.23,55328446
06/11/2024,460.18,459.67,459.91,460.66,458.86,55135048
05/11/2024,460.12,460.15,460.18,460.85,459.78,55166601
04/11/2024,459.64,460.56,460.12,460.84,459.42,55159825
03/11/2024,460.8,460.62,459.64,460.62,459.47,55101944
31/10/2024,462.76,462.76,460.8,462.76,460.8,55241135
30/10/2024,460.53,461.51,462.76,463.74,460.69,55476064
29/10/2024,458.79,458.82,460.53,460.77,458.57,55209008
28/10/2024,458.61,457.98,458.79,459.98,457.98,55000508
27/10/2024,457.89,458.44,458.61,460.26,458.36,54978730
22/10/2024,459.84,459.84,457.89,459.84,457.45,54892094
21/10/2024,461.65,461.65,459.84,462.31,459.84,55126147
20/10/2024,457.38,459.28,461.65,462.04,458.8,55343649
15/10/2024,455.76,455.6,457.38,457.55,455.6,54831887
14/10/2024,456.92,456.67,455.76,457.34,455.69,54636938
13/10/2024,457.63,457.63,456.92,458.01,456.48,54776230
10/10/2024,459.17,459.6,457.63,459.6,457.55,54861215
09/10/2024,458.71,458.96,459.17,460.06,458.25,55046388
08/10/2024,457.41,457.79,458.71,459.02,457.3,54990731
07/10/2024,457.31,457.31,457.41,458.07,455.51,54834988
06/10/2024,459.61,456.51,457.31,457.31,454.6,54822886
01/10/2024,459.82,459.8,459.61,460.84,459.11,55099044
30/09/2024,459.92,459.91,459.82,461.08,459.29,55123922
29/09/2024,460.73,460.16,459.92,462.31,459.54,55135350
26/09/2024,456.86,459.19,460.73,461.55,458.06,55233212
25/09/2024,454.86,454.87,456.86,458.18,454.7,54769455
24/09/2024,453.22,453.22,454.86,455.31,452.46,54528726
23/09/2024,455.04,455.41,453.22,455.92,452.98,54332328
22/09/2024,456.39,455.48,455.04,455.67,454.64,54550604
19/09/2024,457.03,457.25,456.39,457.66,456.21,54712348
18/09/2024,456.8,456.8,457.03,458.4,456.66,54789108
17/09/2024,459.2,459.17,456.8,460.31,456.7,54761330
16/09/2024,460.42,458.18,459.2,459.52,457.52,55049590
15/09/2024,461.12,461,460.42,461.73,460.19,55195557
12/09/2024,461.03,461.18,461.12,462.53,461.02,55279867
11/09/2024,460.94,460.94,461.03,462.31,460.79,55268541
10/09/2024,460.4,460.87,460.94,461.27,460.08,55257989
09/09/2024,461.84,461.77,460.4,461.77,459.75,55193231
08/09/2024,461.52,462.02,461.84,463.51,461.52,55365527
05/09/2024,460,460,461.52,461.96,460,55327197
04/09/2024,458.11,458.63,460,460,458.14,55145901
03/09/2024,458.3,458.55,458.11,459.08,457.64,54919298
02/09/2024,459.21,459.21,458.3,459.37,458.04,54941176
01/09/2024,459.66,459.54,459.21,459.57,458.85,55050939
29/08/2024,460.32,460.56,459.66,460.56,459.35,55105045
28/08/2024,460.91,461.42,460.32,461.69,460.29,55183254
27/08/2024,461.02,461.63,460.91,462.32,460.59,55254787
26/08/2024,460.51,460.51,461.02,461.95,460.51,55268339
25/08/2024,459.03,459.83,460.51,460.74,459.24,55206581
22/08/2024,459.83,459.83,459.03,460.52,458.75,55029061
21/08/2024,461.5,461.5,459.83,462.04,459.04,55125473
20/08/2024,461.36,461.52,461.5,462.49,461.45,55325546
19/08/2024,461.79,461.79,461.36,462.15,460.71,55308219
18/08/2024,462.07,461.69,461.79,462.83,461.56,55360100
15/08/2024,462.66,462.75,462.07,463.98,461.39,55393304
14/08/2024,461.75,461.75,462.66,464.86,461.75,55464063
12/08/2024,465.16,465.16,461.75,465.16,461.66,55355650
11/08/2024,463.85,464.42,465.16,465.9,464.42,55763549
08/08/2024,464.26,464.76,463.85,466.03,463.75,55606929
07/08/2024,463.66,463.66,464.26,465.08,463.54,55655911
06/08/2024,464.85,463.95,463.66,464.65,463.04,55584478
05/08/2024,460.35,463.6,464.85,465.87,462.14,55727344
04/08/2024,455.75,455.95,460.35,460.91,455.95,55187804
01/08/2024,455,455.53,455.75,456.32,454.31,54636264
31/07/2024,455.71,454.96,455,456.35,454.28,54546527
30/07/2024,455.43,455.62,455.71,457.05,455.09,54631612
29/07/2024,456.18,456.82,455.43,457.8,455.13,54597733
28/07/2024,460.65,458.62,456.18,458.62,456.11,54686695
25/07/2024,460.23,459.76,460.65,461.68,459.55,55223234
24/07/2024,459.4,459.37,460.23,461.05,459.05,55173578
23/07/2024,458.33,458.33,459.4,460.52,458.33,55074166
22/07/2024,458.13,458.03,458.33,459.54,457.94,54945425
21/07/2024,460.29,460.29,458.13,460.29,457.68,54922097
18/07/2024,460.29,460.64,460.29,460.88,459.3,55181029
17/07/2024,459.65,459.65,460.29,461.88,459.65,55181029
16/07/2024,459.52,459.49,459.65,460.61,459.35,55103494
15/07/2024,458.01,458.01,459.52,460.08,457.76,55087717
14/07/2024,459.04,459.51,458.01,459.94,457.79,54906894
11/07/2024,454.44,454.44,459.04,459.42,454.44,55031084
10/07/2024,453.79,453.79,454.44,454.88,453.66,54479443
09/07/2024,452.81,452.81,453.79,454.34,451.48,54400459
08/07/2024,455.13,454.9,452.81,455.13,452.78,54283820
07/07/2024,450.16,451.52,455.13,455.13,451.52,54561427
04/07/2024,448.96,449.09,450.16,451.54,449.09,53965355
03/07/2024,447.22,447.22,448.96,448.96,446.77,53821815
02/07/2024,448.44,448.44,447.22,449.4,446.9,53611864
01/07/2024,450.76,450.89,448.44,451.63,448.44,53759282
30/06/2024,452.17,451.15,450.76,451.62,450.55,54037765
27/06/2024,453.08,453.08,452.17,453.08,451.6,54206960
26/06/2024,453.83,453.83,453.08,454.48,452.46,54315474
25/06/2024,454.16,454.16,453.83,455.15,453.83,54405785
24/06/2024,453.34,453.34,454.16,454.61,453.11,54445564
23/06/2024,454.66,454.34,453.34,454.34,452.79,54346926
20/06/2024,456.3,456.3,454.66,456.97,454.61,54450724
19/06/2024,454.33,454.33,456.3,456.3,454.1,54647157
18/06/2024,452.4,452.27,454.33,454.76,452.27,54158607
17/06/2024,452.53,452.53,452.4,453.46,452.4,53928751
16/06/2024,450.7,453.06,452.53,453.79,451.67,53944370
13/06/2024,448.61,451.22,450.7,451.68,449.56,53726953
10/06/2024,449.84,450.63,448.61,450.63,447.5,53477702
09/06/2024,451.64,450.98,449.84,450.98,449.84,53623461
06/06/2024,452.05,452.05,451.64,452.22,450.67,53839030
05/06/2024,454.14,454.14,452.05,454.27,451.72,53886923
04/06/2024,453.66,453.66,454.14,454.2,452.13,54136471
03/06/2024,449.85,449.85,453.66,454.02,449.85,54079101
02/06/2024,449.35,449.35,449.85,451.18,449.35,53624793
30/05/2024,447.06,447.06,449.35,449.35,446.12,53565276
29/05/2024,449.48,449.24,447.06,449.61,447.06,53292558
28/05/2024,449.43,449.43,449.48,450.49,448.33,53581413
27/05/2024,450.15,449.84,449.43,450.46,448.98,53574457
26/05/2024,451.66,451.53,450.15,452.07,450.15,53661217
23/05/2024,452.62,452.62,451.66,453.21,451.66,53840659
22/05/2024,453.91,453.91,452.62,454.4,452.55,53954882
21/05/2024,452.27,453.25,453.91,454.06,452.62,54108710
20/05/2024,453.72,453.72,452.27,455.61,452.27,53913649
19/05/2024,456.71,455.09,453.72,456.3,453.23,54086574
16/05/2024,458.58,458.46,456.71,459.75,456.63,54442498
15/05/2024,457.89,458.19,458.58,459.51,457.87,54666135
12/05/2024,458.37,458.88,457.89,458.99,457.38,54583965
09/05/2024,458.65,458.65,458.37,458.88,457.95,54640818
08/05/2024,458.76,458.76,458.65,459.19,458.27,54674500
07/05/2024,456.25,457.29,458.76,459.39,456.75,54687159
06/05/2024,458,457.91,456.25,457.91,456.25,54388088
05/05/2024,456.14,456.87,458,459.29,456.87,54596106
02/05/2024,455.2,455.2,456.14,456.19,455.2,54374615
01/05/2024,454.19,454.46,455.2,455.2,453.47,54262758
30/04/2024,453.67,454.81,454.19,455.5,453.18,54141876
25/04/2024,453.85,453.59,453.67,454.66,453.52,54080652
24/04/2024,452.37,452.78,453.85,454.76,452.62,54101677
21/04/2024,450.64,451.31,452.37,452.76,451.04,53924898
18/04/2024,448.77,449.61,450.64,451.2,448.96,53719324
17/04/2024,451.21,451.49,448.77,453,448.77,53879579
16/04/2024,452.51,452.07,451.21,452.94,450.51,54173025
15/04/2024,454.67,455.27,452.51,456.48,452.41,54328482
14/04/2024,455.15,454.31,454.67,455.16,453.51,54588465
11/04/2024,457.08,455.95,455.15,456.44,454.99,54645835
10/04/2024,459,459.54,457.08,459.86,456.62,54877838
09/04/2024,460.16,460.48,459,460.82,458.81,55108211
08/04/2024,458.75,458.93,460.16,460.95,458.93,55247532
07/04/2024,460.32,460.32,458.75,460.32,458.74,55077270
04/04/2024,460.07,460.17,460.32,460.83,458.97,55266409
03/04/2024,460.19,461.04,460.07,461.34,459.32,55236502
02/04/2024,461.21,460.88,460.19,460.98,459.41,55251307
01/04/2024,462.28,462.37,461.21,462.85,460.96,55373599
31/03/2024,462.33,462.33,462.28,462.64,461.85,55501295
28/03/2024,461.68,461.94,462.33,462.34,461.15,55507217
27/03/2024,461.19,461.45,461.68,462.05,461.2,75188718
26/03/2024,462.83,462.99,461.19,462.99,461.05,75109783
25/03/2024,463.64,463.64,462.83,464.71,462.61,74875888
21/03/2024,461.69,462.39,463.64,464.6,462.39,75005016
20/03/2024,460.45,461.44,461.69,461.83,460.98,74695093
19/03/2024,460.15,460.71,460.45,460.85,460.07,74495618
18/03/2024,462.28,462.31,460.15,462.57,459.84,74281565
17/03/2024,463.06,463.06,462.28,464.18,462.23,74626023
14/03/2024,463.91,463.91,463.06,464.25,463.06,74749001
13/03/2024,464.8,465.05,463.91,465.42,463.38,74885988
12/03/2024,465.77,465.82,464.8,466.29,464.07,75029194
11/03/2024,466.14,466.14,465.77,466.62,465.71,74687562
10/03/2024,466.33,466.58,466.14,466.7,466.03,74745747
07/03/2024,466.44,466.75,466.33,466.97,465.64,74777637
06/03/2024,466.45,467.03,466.44,467.18,465.9,74794287
05/03/2024,465.79,465.79,466.45,466.76,464.57,74796433
04/03/2024,466.36,466.47,465.79,466.68,465.57,74144428
03/03/2024,465.37,466.85,466.36,467.29,466.3,74235635
29/02/2024,464.74,465.25,465.37,465.56,464.62,74078318
28/02/2024,464.93,465.17,464.74,465.2,464.57,73979465
26/02/2024,464.89,464.89,464.93,466.09,464.14,73558349
25/02/2024,463.84,464.98,464.89,465.01,464.27,73552575
22/02/2024,464.22,464.22,463.84,464.57,463.42,73380909
21/02/2024,464.18,464.23,464.22,465.03,463.76,73443919
20/02/2024,463.96,463.9,464.18,464.53,463.64,73307310
19/02/2024,463.12,462.93,463.96,464.65,462.93,72728922
18/02/2024,462.19,462.7,463.12,463.16,462.19,73143662
15/02/2024,461.56,461.56,462.19,463.63,461.56,72997313
14/02/2024,462.56,462.41,461.56,462.59,461.15,72823049
13/02/2024,462.6,462.6,462.56,463.68,461.81,71744276
12/02/2024,460.9,461.12,462.6,463.81,460.61,71288808
11/02/2024,463.21,461.56,460.9,461.56,460.62,71026509
08/02/2024,464.85,465.09,463.21,465.39,462.98,71384788
07/02/2024,464.12,464.12,464.85,465.71,464.12,71641873
06/02/2024,462.3,462.3,464.12,464.99,462.3,71343006
05/02/2024,463.39,463.12,462.3,463.56,461.68,70499891
04/02/2024,465.39,464.75,463.39,464.75,463.01,70665897
01/02/2024,464.56,464.81,465.39,466.16,464.28,70974849
31/01/2024,462.53,463.21,464.56,464.95,463.19,70845103
30/01/2024,462.7,462.9,462.53,464.19,462.53,70370013
29/01/2024,458.98,459.28,462.7,462.86,458.9,69887666
28/01/2024,458.77,459.22,458.98,459.88,458.46,69324130
25/01/2024,458.72,458.74,458.77,459.47,458.12,69292126
24/01/2024,457.43,458.28,458.72,460.07,458.13,68247596
23/01/2024,458.05,458.19,457.43,458.19,457.17,65279096
22/01/2024,458.73,459.25,458.05,459.25,457.83,64909922
21/01/2024,460.51,460.56,458.73,460.89,458.26,65005969
18/01/2024,460.67,460.67,460.51,462.08,460.1,65255386
17/01/2024,462.26,460.76,460.67,462.52,460.67,65278571
16/01/2024,463.66,463.66,462.26,464.38,461.78,65502995
15/01/2024,464.76,465.2,463.66,465.2,463.54,65189482
14/01/2024,464.1,464.32,464.76,465.11,464.32,65342562
11/01/2024,464.54,464.54,464.1,465.5,463.95,65249298
10/01/2024,464,464,464.54,465.43,462.63,64993197
09/01/2024,464.47,464.47,464,464.67,463.03,63714813
08/01/2024,465.08,465.15,464.47,465.62,463.23,63266712
07/01/2024,466.52,466.29,465.08,466.29,465.06,63348802
04/01/2024,466.57,467.12,466.52,467.9,465.82,63541221
03/01/2024,468.65,468.62,466.57,468.69,466.2,63547681
02/01/2024,469.42,469.42,468.65,469.69,467.98,63261822
01/01/2024,467.5,467.5,469.42,471.09,467.19,63365659
31/12/2023,467.88,467.88,467.5,468.13,466.57,63107482
28/12/2023,470.38,470.38,467.88,470.61,467.37,63159220
27/12/2023,470.76,471.11,470.38,471.55,470.14,63486683
26/12/2023,471.12,471.43,470.76,471.78,470.34,63538772
25/12/2023,471.67,471.42,471.12,471.59,471.01,63585520
24/12/2023,471.46,471.46,471.67,471.86,470.72,63656306
21/12/2023,471.24,471.07,471.46,472.16,470.77,63628625
20/12/2023,471.08,471.33,471.24,472.07,470.89,63597074
19/12/2023,470.25,470.52,471.08,471.42,470.5,63573007
18/12/2023,470.5,470.58,470.25,472.04,469.87,62440209
17/12/2023,470.22,470.64,470.5,472.36,470.36,62472352
14/12/2023,464.55,464.55,470.22,470.24,464.55,62431724
13/12/2023,462.61,462.61,464.55,464.55,462.61,61043054
12/12/2023,460.83,460.83,462.61,462.97,460.83,58533555
11/12/2023,461.97,461.75,460.83,462,460.75,57752434
10/12/2023,463.16,462.64,461.97,462.64,461.86,57894832
07/12/2023,463.21,463.21,463.16,463.9,462.91,58043705
06/12/2023,462.26,462.37,463.21,463.71,462.28,58048657
05/12/2023,460.48,460.13,462.26,462.61,460.13,57851109
04/12/2023,459.88,459.8,460.48,461.45,459.38,56627482
03/12/2023,458.6,460.53,459.88,462.02,459.62,56555352
30/11/2023,460.42,460.42,458.6,460.42,458.25,56400601
29/11/2023,457.97,458.57,460.42,460.65,458.57,55792061
28/11/2023,457.77,458.02,457.97,459.42,456.6,51302167
27/11/2023,456.12,456.22,457.77,457.77,455.58,50369797
26/11/2023,457.82,457.71,456.12,457.71,456.09,50190551
23/11/2023,459.71,459.71,457.82,460.15,457.62,50377480
22/11/2023,460,460.21,459.71,460.62,458.84,50585172
21/11/2023,457.67,458.19,460,460.05,458.19,50489322
20/11/2023,456.09,456.09,457.67,457.8,455.3,49874839
19/11/2023,456.65,456.6,456.09,457.5,455.72,49705089
16/11/2023,455.27,455.56,456.65,456.87,454.75,49765303
15/11/2023,456.03,456.64,455.27,458.57,454.72,48999816
14/11/2023,451.88,451.88,456.03,456.1,451.88,46484546
13/11/2023,451.85,451.85,451.88,453.12,451.4,45169073
12/11/2023,455.52,455.8,451.85,455.8,451.66,45166487
09/11/2023,458.43,458.43,455.52,459.79,455.52,45531424
08/11/2023,457.05,457.05,458.43,458.88,456.97,45819859
07/11/2023,456.56,456.61,457.05,458.22,456.43,45558544
06/11/2023,456.36,456.55,456.56,458.36,455.29,44605129
05/11/2023,452.57,454.82,456.36,457.94,454.82,44585555
02/11/2023,449.53,450.1,452.57,453.56,450.1,44217777
01/11/2023,447.31,447.31,449.53,449.66,446.49,43922623
31/10/2023,445.11,445.11,447.31,448.31,444.88,43530318
30/10/2023,446.17,443.68,445.11,446.02,443.68,42688148
29/10/2023,446.99,446.57,446.17,448.07,446.11,42789958
26/10/2023,449.82,449.44,446.99,449.44,446.35,42868058
25/10/2023,450.32,450.32,449.82,451.3,449.82,65713066
24/10/2023,449.83,449.88,450.32,452.23,449.88,64274536
23/10/2023,449.75,449.82,449.83,450.53,448.95,63856987
22/10/2023,450.65,449.5,449.75,451.4,449.26,63844423
19/10/2023,453.84,452.52,450.65,453.23,450.65,63974011
18/10/2023,452.24,452.24,453.84,454.56,450.86,64426448
17/10/2023,457.67,457.09,452.24,457.09,452.24,64068790
16/10/2023,456.95,457.35,457.67,460.89,457.06,64599826
15/10/2023,458.57,458.99,456.95,461.85,456.95,64498608
12/10/2023,451.44,451.04,458.57,460.37,451.04,64726327
11/10/2023,447.86,447.81,451.44,452.65,447.6,63720722
10/10/2023,444.83,444.85,447.86,448.08,444.85,63065101
09/10/2023,443.2,443.09,444.83,445.69,441.6,62019858
08/10/2023,449.86,448.85,443.2,448.85,442.18,61793460
05/10/2023,448.51,448.83,449.86,450.19,448.83,62721754
04/10/2023,450.09,448.72,448.51,448.72,447.28,62534061
03/10/2023,451.83,451.38,450.09,451.7,450.09,62752759
02/10/2023,451.61,450.8,451.83,451.83,450.69,62996691
01/10/2023,450.02,450.35,451.61,451.74,450.35,62966428
28/09/2023,451.73,451.2,450.02,451.65,449.29,62744702
27/09/2023,453.5,453.44,451.73,454.2,451.38,62982915
26/09/2023,454.6,453.92,453.5,454.11,453.5,62647478
21/09/2023,455.94,455.76,454.6,455.76,454.43,62799800
20/09/2023,455.52,455.56,455.94,455.94,455.25,62985285
19/09/2023,455.84,455.84,455.52,456.29,455.33,62844295
18/09/2023,457.57,456.76,455.84,457.2,455.66,62843645
14/09/2023,457.8,458.3,457.57,458.53,457.38,63081464
13/09/2023,457.93,457.93,457.8,458.03,456.79,63113269
12/09/2023,458.09,457.91,457.93,458.68,457.57,63040448
11/09/2023,456.07,455.39,458.09,458.13,455.15,62759045
10/09/2023,456.5,456.5,456.07,456.79,455.99,62483489
07/09/2023,457.16,456.84,456.5,457.16,455.6,62540852
06/09/2023,458.08,458.41,457.16,458.41,456.83,62631850
05/09/2023,457.99,458.02,458.08,458.49,457.71,62740333
04/09/2023,458.46,458.46,457.99,458.53,457.66,62139680
03/09/2023,459.67,459.67,458.46,459.67,458.35,62203293
31/08/2023,459.87,459.87,459.67,460.01,459.29,62367337
30/08/2023,458.52,458.52,459.87,460.08,458.26,62395665
29/08/2023,457.16,457.16,458.52,459.44,456.99,62212355
28/08/2023,457.48,457.71,457.16,458.45,456.99,62028013
27/08/2023,457.78,457.78,457.48,457.78,457.2,62069355
24/08/2023,457.35,457.35,457.78,458.14,457.25,62110446
23/08/2023,455.31,455.31,457.35,457.39,454.69,62053627
22/08/2023,454.91,454.54,455.31,456.24,454.54,61776042
21/08/2023,456.27,456.27,454.91,456.41,454.91,61722660
20/08/2023,456.18,455.43,456.27,456.59,455.43,61905717
17/08/2023,456.7,456.47,456.18,456.59,455.34,61893256
16/08/2023,455.98,455.98,456.7,457.39,455.98,61963372
15/08/2023,455.94,455.01,455.98,456.3,454.69,61864857
14/08/2023,456.02,455.65,455.94,457.01,455.65,61397981
13/08/2023,457.55,457.55,456.02,457.55,455.88,61407349
10/08/2023,458.1,458.1,457.55,458.41,457.31,61612557
09/08/2023,458.21,458.31,458.1,458.65,457.26,61683415
08/08/2023,457.02,457.02,458.21,458.28,457.02,61700633
07/08/2023,458.58,457.35,457.02,458.58,456.94,60986146
06/08/2023,455.96,455.96,458.58,458.67,455.96,61192421
03/08/2023,456.76,456.71,455.96,456.71,455.28,60843384
02/08/2023,457.19,457.06,456.76,457.72,456.52,60951324
01/08/2023,458.45,458.45,457.19,459.15,457.19,60943877
31/07/2023,457.93,457.93,458.45,458.62,456.9,60811532
30/07/2023,457.76,457.71,457.93,458.85,457.54,60743920
26/07/2023,455.7,455.7,457.76,457.88,455.7,60723780
25/07/2023,459.12,459.22,455.7,459.22,455.29,60447284
24/07/2023,462.35,462.35,459.12,463.33,458.97,60348092
23/07/2023,462.8,462.19,462.35,462.82,461.26,60767805
20/07/2023,463.61,463.31,462.8,464.11,462.73,60828580
19/07/2023,462.36,462.36,463.61,463.78,462.36,60935670
18/07/2023,461.12,461.34,462.36,462.43,460.88,60706229
17/07/2023,461.97,461.15,461.12,462.08,461.12,60296510
16/07/2023,458.5,458.9,461.97,462.29,458.9,60404882
13/07/2023,457.76,458.48,458.5,459.7,458.13,59953879
12/07/2023,455.75,455.75,457.76,457.92,455.75,59855775
11/07/2023,454.97,455.77,455.75,456.32,455.13,59504162
10/07/2023,454.83,454.81,454.97,456.84,453.5,58859654
09/07/2023,455.6,456.26,454.83,456.26,454.83,58843059
06/07/2023,457.54,457.54,455.6,457.54,455.6,58944455
05/07/2023,457.32,456.93,457.54,458.13,456.86,59192464
04/07/2023,458.49,458.57,457.32,458.57,456.82,59100071
03/07/2023,457.34,457.34,458.49,458.83,456.66,58700980
02/07/2023,458.25,458.25,457.34,458.73,457.34,58555200
29/06/2023,460.39,458.14,458.25,460.57,458.14,58672043
28/06/2023,459.63,459.75,460.39,460.39,458.93,58942817
27/06/2023,461.2,461.2,459.63,461.31,459.63,54406869
26/06/2023,460.7,460.85,461.2,462.35,460.68,54346322
25/06/2023,459.96,459.96,460.7,460.7,459.86,54286743
22/06/2023,460.95,460.56,459.96,461.53,459.76,54198245
21/06/2023,460.41,460.54,460.95,461.83,460.09,54316514
20/06/2023,459.22,459.24,460.41,460.49,458.4,54252175
19/06/2023,460.77,460.6,459.22,461.44,459.04,53906137
18/06/2023,457.64,457.64,460.77,461.35,457.64,54090006
15/06/2023,456.91,458.77,457.64,458.97,456.52,53721159
14/06/2023,458.45,458.45,456.91,459.03,454.94,53635795
13/06/2023,457.56,457.58,458.45,460.73,457.56,53745967
12/06/2023,455.76,455.76,457.56,459,455.37,53396046
11/06/2023,454.89,454.89,455.76,456.79,454.77,53185580
08/06/2023,455.39,455.08,454.89,455.48,453.66,53084402
07/06/2023,454.16,454.28,455.39,456.81,454.07,53143074
06/06/2023,455.21,455.44,454.16,455.67,454.16,52998399
05/06/2023,453.56,453.35,455.21,455.33,452.31,53121475
04/06/2023,455.83,455.28,453.56,455.68,453.56,52928447
01/06/2023,455.77,454.66,455.83,457.19,454.61,53194779
31/05/2023,452.97,454.34,455.77,456.23,453.78,53187447
30/05/2023,451.56,451.56,452.97,453.96,451.56,52859652
29/05/2023,451.33,451.33,451.56,451.78,450.87,52689611
28/05/2023,452.37,451.84,451.33,452.19,450.84,52664576
24/05/2023,452.7,452.51,452.37,453.23,451.34,52786496
23/05/2023,453.51,453.51,452.7,454.13,452.01,52759141
22/05/2023,452.14,452.1,453.51,454.38,452.1,52612898
21/05/2023,453.4,452.64,452.14,452.86,451.99,52451086
18/05/2023,456.31,456.31,453.4,456.31,453.4,52596581
17/05/2023,457.94,457.14,456.31,459.16,456.02,52937401
16/05/2023,460.85,457.56,457.94,458.47,456.9,53128734
15/05/2023,460.82,460.18,460.85,462.32,459.96,53260341
14/05/2023,461.97,461.97,460.82,461.97,460.46,53257094
11/05/2023,459.6,459.3,461.97,462.77,459.3,54162010
10/05/2023,458.28,458.28,459.6,460.36,458.11,53820265
09/05/2023,457.57,457.16,458.28,459.19,456.97,53459673
08/05/2023,457.22,457.22,457.57,457.84,456.62,53376800
07/05/2023,458.1,458.1,457.22,458.1,456.96,53336994
04/05/2023,456.56,456.77,458.1,458.1,456.45,54002873
03/05/2023,454.09,454.09,456.56,456.78,453.25,53733875
02/05/2023,452.33,452.16,454.09,454.97,451.76,53158260
01/05/2023,453.25,454.26,452.33,454.26,452.33,52952114
30/04/2023,452.17,452.17,453.25,453.64,452.13,53060613
27/04/2023,451.3,450.82,452.17,452.99,450.82,52933625
24/04/2023,450.87,451.22,451.3,451.75,450.49,52830702
23/04/2023,451.79,451.41,450.87,451.59,450.8,52780001
20/04/2023,450.75,450.97,451.79,451.86,450.73,52888493
19/04/2023,450.74,450.12,450.75,451.02,449.29,52767844
18/04/2023,448.69,448.43,450.74,450.74,448.04,52918185
17/04/2023,450.33,450.12,448.69,450.87,448.69,52433062
16/04/2023,453.03,453.03,450.33,453.03,450.27,52623955
13/04/2023,454.43,454.43,453.03,454.43,451.96,52941649
10/04/2023,454.81,454.81,454.43,456.12,453.96,53105263
09/04/2023,454.92,454.92,454.81,454.92,453.6,53149303
04/04/2023,455.2,454.72,454.92,455.66,452.4,53127942
03/04/2023,454.31,453.77,455.2,455.22,452.83,52954906
02/04/2023,454.62,454.62,454.31,456.51,454.26,52851013
30/03/2023,455.57,456.15,454.62,456.59,454.5,52887380
29/03/2023,455.58,455.64,455.57,456.74,454.41,52998310
28/03/2023,454.29,454.29,455.58,457.64,454.29,52855617
27/03/2023,449.4,451.29,454.29,454.48,450.29,52497483
26/03/2023,451.77,451.77,449.4,453.07,449.12,51931514
23/03/2023,446.88,448.14,451.77,451.77,447.31,52205637
22/03/2023,448.91,449.42,446.88,449.42,445.43,51640790
21/03/2023,452.06,451.82,448.91,451.82,448.19,51875649
20/03/2023,452.98,453.59,452.06,455.95,451.48,51840798
19/03/2023,453.12,453.12,452.98,455.58,451.79,51946079
16/03/2023,456.73,455.81,453.12,455.81,453.12,52212464
15/03/2023,452.11,452.11,456.73,457.97,450.81,52628736
14/03/2023,453.04,452.88,452.11,453.29,450.42,52095927
13/03/2023,449.84,450.6,453.04,455.56,450.5,51717100
12/03/2023,447.11,448.4,449.84,452.12,448.4,51351179
09/03/2023,447.17,446.29,447.11,447.59,445.36,51040533
08/03/2023,445.75,444.85,447.17,447.81,443.97,51047309
06/03/2023,442.47,442.25,445.75,447.44,442.25,50637387
05/03/2023,441.47,443.95,442.47,445.05,442.26,50264511
02/03/2023,445.52,444.46,441.47,445.52,441.32,50150157
01/03/2023,443.97,443.97,445.52,448.1,443.97,50609913
28/02/2023,445.12,444.98,443.97,445.41,442.1,50388420
27/02/2023,446.31,446.42,445.12,446.42,443.41,50358083
26/02/2023,450.07,447.59,446.31,448.44,445.22,50493904
23/02/2023,448.26,448.05,450.07,450.33,447.25,50919768
22/02/2023,449.83,448.83,448.26,449.32,443.57,50715669
21/02/2023,453.44,453.44,449.83,453.44,449.28,50894874
20/02/2023,453.13,452.96,453.44,455.02,452.33,50815925
19/02/2023,454.09,453.86,453.13,454.99,452.78,50781323
16/02/2023,457.57,455.86,454.09,456.31,453.33,50888345
15/02/2023,460.07,460.07,457.57,460.27,457.23,51279301
14/02/2023,459.93,460.05,460.07,461.18,459.43,51491372
13/02/2023,460.19,459.95,459.93,460.5,457.87,51193684
12/02/2023,463.22,461.94,460.19,461.94,458.78,51221700
09/02/2023,463.16,463.51,463.22,463.91,462.68,51558999
08/02/2023,464.43,464.77,463.16,465.06,463.16,51553495
07/02/2023,464.95,465.7,464.43,465.7,463.83,51562802
06/02/2023,465.42,464.1,464.95,465.35,462.82,51121951
05/02/2023,468.33,467.97,465.42,467.97,464.51,51173224
02/02/2023,465.19,466.63,468.33,468.74,465.94,51493183
01/02/2023,463.37,463.37,465.19,465.99,463.37,51147657
31/01/2023,461.53,461.73,463.37,463.84,461.39,50862067
30/01/2023,460.83,460.63,461.53,461.59,459.31,50376365
29/01/2023,462.13,462.13,460.83,462.17,459.42,50297933
26/01/2023,463.9,464.36,462.13,464.36,460.49,50441791
25/01/2023,464.25,464.58,463.9,465.36,463.08,50635493
24/01/2023,464.41,464.41,464.25,466.04,463.73,50673927
23/01/2023,465.9,466,464.41,466,463.83,50197405
22/01/2023,467.78,467.4,465.9,467.4,465.63,50358579
19/01/2023,468.46,469.43,467.78,469.64,466.91,50561412
18/01/2023,465.51,466.76,468.46,468.46,465.54,50635069
17/01/2023,465.94,465.94,465.51,466.08,463.91,50316343
16/01/2023,465.22,465.89,465.94,466.69,464.36,50105126
15/01/2023,465.53,465.53,465.22,466.1,464.75,50028617
12/01/2023,464.02,464.02,465.53,467.79,464.02,50061348
11/01/2023,462.53,463.13,464.02,464.35,462.71,49899037
10/01/2023,463.38,463.38,462.53,464.31,462.18,49665688
09/01/2023,460.97,460.97,463.38,463.48,460.88,49471632
08/01/2023,458.22,460.07,460.97,461.23,460.07,49213990
05/01/2023,456.95,456.93,458.22,459.38,456.81,48920772
04/01/2023,454.79,455.09,456.95,456.95,455.09,48785367
03/01/2023,453.61,453.75,454.79,455.21,453.4,48554138
02/01/2023,453.54,453.54,453.61,454.62,453.3,48428341
01/01/2023,452.58,452.58,453.54,453.68,452.58,48421563
29/12/2022,453.08,452.94,452.58,453.26,452.42,48319646
28/12/2022,454.18,453.96,453.08,454.61,452.58,48372349
27/12/2022,455.34,455.4,454.18,455.63,454.1,48489432
26/12/2022,456.39,456.47,455.34,456.47,455.34,48612591
25/12/2022,457.55,457.55,456.39,457.55,456.07,48725210
22/12/2022,458.64,458.64,457.55,459.57,457.23,48848728
21/12/2022,460.02,460.19,458.64,460.46,458.43,48964166
20/12/2022,461.41,461.41,460.02,461.41,459.75,49111463
19/12/2022,462.59,462.59,461.41,462.81,461.27,49260087
18/12/2022,462.93,462.61,462.59,463.13,462.06,49384240
15/12/2022,462.79,462.79,462.93,463.23,461.99,49421138
14/12/2022,462.59,462.98,462.79,463.05,461.31,49405911
13/12/2022,460.53,460.53,462.59,463.56,460.1,49316292
12/12/2022,460.14,460.14,460.53,461.03,459.87,48739417
11/12/2022,461.89,461.89,460.14,461.89,460.14,48698234
08/12/2022,462.05,462.05,461.89,462.43,461.41,48882934
07/12/2022,462.06,462.06,462.05,463.41,461.24,48899664
06/12/2022,462.05,462.02,462.06,462.3,461.5,48900176
05/12/2022,462.1,462.15,462.05,462.76,461.29,48709353
04/12/2022,462.41,463.33,462.1,463.48,461.78,48715219
01/12/2022,460.98,461.57,462.41,464.04,461.57,48748685
30/11/2022,461.42,461.42,460.98,462.17,460.98,48597279
29/11/2022,462.92,462.85,461.42,463.58,461.13,48644188
28/11/2022,464.45,464.45,462.92,465.63,462.89,48516960
27/11/2022,465.23,465.23,464.45,465.49,463.97,48676207
24/11/2022,465.15,465.57,465.23,465.76,464.87,48758592
23/11/2022,465.51,465.51,465.15,466.44,464.82,48749738
22/11/2022,464.87,464.87,465.51,465.83,464.12,48654959
21/11/2022,462.92,462.19,464.87,466.28,461.4,48132195
20/11/2022,463.93,463.93,462.92,463.93,462.02,47929879
17/11/2022,464.86,464.86,463.93,466.2,463.53,48035340
16/11/2022,464.71,463.91,464.86,465.2,462.64,48131541
15/11/2022,463.54,463.54,464.71,466.02,463.54,48062449
14/11/2022,465.22,465.22,463.54,465.22,463.29,47490422
13/11/2022,464.53,466.76,465.22,466.76,464.94,47662616
10/11/2022,459.78,459.8,464.53,464.53,459.8,47592500
09/11/2022,459.72,459.72,459.78,460.28,459.27,47106439
08/11/2022,458.35,457.9,459.72,459.78,457.26,47080098
07/11/2022,458.43,457.95,458.35,459.4,457.02,46752224
06/11/2022,459.15,459.15,458.43,459.9,458.38,46759913
03/11/2022,460.99,459.34,459.15,460.26,457.59,46832791
02/11/2022,461.21,461.21,460.99,461.57,460.44,47021643
31/10/2022,462.54,462.19,461.21,462.31,460.93,46590216
30/10/2022,464.48,464.48,462.54,464.48,462.2,46724437
27/10/2022,463.31,463.26,464.48,464.48,461.22,46919357
26/10/2022,460.55,460.98,463.31,463.64,460.53,46803077
25/10/2022,458.88,458.9,460.55,460.82,458.9,46489492
24/10/2022,457.9,457.9,458.88,460.18,457.9,46084917
23/10/2022,456.77,456.84,457.9,458,456.58,45986384
20/10/2022,456.75,456.75,456.77,457.17,454.88,45873510
19/10/2022,458.15,458.15,456.75,458.15,455.99,45871306
18/10/2022,459.78,458.99,458.15,459.5,457.64,45608630
13/10/2022,459.86,459.06,459.78,460.05,459,45771077
12/10/2022,460.13,459.65,459.86,460.94,459.65,45778964
11/10/2022,461.42,458.77,460.13,460.36,457.08,45805766
06/10/2022,460.91,461.34,461.42,461.55,459.76,45934404
03/10/2022,457.2,457.2,460.91,460.91,456.51,45883544
02/10/2022,457.61,456.96,457.2,458.52,456.26,45514439
29/09/2022,459.14,458.69,457.61,459.29,457.09,45555204
28/09/2022,463.5,462.36,459.14,462.36,455.78,45707926
22/09/2022,464.15,462.96,463.5,464.6,462.63,46140820
21/09/2022,463.93,464.11,464.15,464.96,463.77,46205426
20/09/2022,466.09,465.55,463.93,466.58,463.75,46183461
19/09/2022,467.15,467.15,466.09,467.15,465.88,46398478
18/09/2022,464.72,464.91,467.15,467.22,464.91,46926610
15/09/2022,465.45,464.95,464.72,466.53,464.72,46683374
14/09/2022,465.82,464.59,465.45,465.72,463.76,46755651
13/09/2022,467.64,467.79,465.82,468.35,465.4,46744104
12/09/2022,466.26,466.87,467.64,468.12,466.01,46730961
11/09/2022,467.51,467.51,466.26,467.51,465.65,46593288
08/09/2022,467.17,468.56,467.51,468.79,467.09,46718100
07/09/2022,466.58,466.58,467.17,467.66,465.5,46684225
06/09/2022,469.55,468.64,466.58,469.35,466.58,46625309
05/09/2022,470.75,470.75,469.55,470.75,468.88,46545772
04/09/2022,469.19,469.44,470.75,471.14,469.44,46664487
01/09/2022,471.75,471.75,469.19,471.75,468.77,46509943
31/08/2022,473.44,473.14,471.75,473.67,471.28,46763332
30/08/2022,473.61,474.39,473.44,475.15,473.13,46931042
29/08/2022,474.99,473.95,473.61,474.07,472.56,46948209
28/08/2022,475.24,475.24,474.99,476.39,474.08,47085397
25/08/2022,475.39,475.21,475.24,475.69,474.7,47109492
24/08/2022,477.92,477.68,475.39,477.94,474.87,47125364
23/08/2022,479.84,478.59,477.92,479.58,475.86,47376770
22/08/2022,481.26,481.26,479.84,481.9,478.26,47566940
21/08/2022,485.41,485.41,481.26,485.41,480.94,47707104
18/08/2022,482.99,482.99,485.41,486.33,480.92,48118438
17/08/2022,486.64,485.96,482.99,486.36,481.86,47878037
16/08/2022,492.46,490.68,486.64,490.68,485.77,48240623
15/08/2022,490.65,490.65,492.46,492.85,490.02,48816078
14/08/2022,490.5,490.5,490.65,490.83,489.37,48637064
11/08/2022,489.03,489.03,490.5,490.81,488.74,48623408
10/08/2022,486.29,486.29,489.03,489.03,486.11,48477479
09/08/2022,486.55,487.02,486.29,487.55,485.91,48160900
08/08/2022,485.98,485.98,486.55,486.55,483.65,47961567
04/08/2022,485.16,485.16,485.98,486.86,485.16,47905347
03/08/2022,488.75,488.75,485.16,488.75,485.16,47824504
02/08/2022,489.84,491.49,488.75,491.49,488.5,48100707
01/08/2022,488.92,488.45,489.84,489.84,487.92,47953417
31/07/2022,488.14,488.14,488.92,489.11,487.98,47863049
28/07/2022,485.31,485.19,488.14,488.14,484.52,47786951
27/07/2022,484.74,484.74,485.31,485.77,484.36,47509849
26/07/2022,484.3,484.3,484.74,485.8,484.3,47454623
25/07/2022,486.34,486.34,484.3,486.42,484.3,47074650
24/07/2022,483.61,483.61,486.34,487.5,483.61,47271980
21/07/2022,482.54,482.54,483.61,483.61,480.02,47006497
20/07/2022,482.61,482.61,482.54,483.22,481.79,46903472
19/07/2022,481.51,481.51,482.61,482.61,480.69,46908974
18/07/2022,481.49,481.49,481.51,482.55,480.94,46601617
17/07/2022,480.3,480.36,481.49,483.09,480.36,46600512
14/07/2022,479.82,479.94,480.3,482.1,479.26,46485730
13/07/2022,480.24,480.24,479.82,481.64,478.53,46438996
12/07/2022,478.08,478.08,480.24,481.04,478.08,46419076
11/07/2022,475.72,475.3,478.08,478.5,475.13,45832943
10/07/2022,479.86,479.8,475.72,479.8,475.31,45606287
07/07/2022,481.15,481.61,479.86,481.61,478.18,46003183
06/07/2022,482.04,482.93,481.15,483.88,480.95,46126181
05/07/2022,480.54,479.64,482.04,482.8,479.64,46204972
04/07/2022,482.21,482.21,480.54,482.65,480.54,45727472
03/07/2022,479.03,479.03,482.21,483.45,479.03,45885911
30/06/2022,476.15,0,479.03,0,0,45583930
29/06/2022,473.74,0,476.15,0,0,45309523
28/06/2022,474.9,0,473.74,0,0,45080543
27/06/2022,475.18,0,474.9,0,0,45015979
26/06/2022,476,0,475.18,0,0,45043008
23/06/2022,470.89,0,476,0,0,45120332
22/06/2022,465.8,0,470.89,0,0,44636391
21/06/2022,465.41,0,465.8,0,0,44153800
20/06/2022,463.55,0,465.41,0,0,43946517
19/06/2022,459.68,0,463.55,0,0,43771268
16/06/2022,459.87,0,459.68,0,0,43405729
15/06/2022,459.06,0,459.87,0,0,43423789
14/06/2022,459.88,0,459.06,0,0,43327974
13/06/2022,463.67,0,459.88,0,0,43279257
12/06/2022,469.05,0,463.67,0,0,43635508
09/06/2022,469.13,0,469.05,0,0,44142591
08/06/2022,472.29,0,469.13,0,0,44149628
07/06/2022,473.89,0,472.29,0,0,44445829
06/06/2022,476.9,0,473.89,0,0,44422144
02/06/2022,478.67,0,476.9,0,0,44704782
01/06/2022,481.34,0,478.67,0,0,44870348
31/05/2022,483.77,0,481.34,0,0,45120246
30/05/2022,484.56,0,483.77,0,0,45347865
29/05/2022,484.01,0,484.56,0,0,45422719
26/05/2022,482.81,0,484.01,0,0,45370557
25/05/2022,481.72,0,482.81,0,0,45258478
24/05/2022,481.09,0,481.72,0,0,45155778
23/05/2022,484.82,0,481.09,0,0,44875592
22/05/2022,484.85,0,484.82,0,0,45223564
19/05/2022,482.64,0,484.85,0,0,45226522
18/05/2022,481.8,0,482.64,0,0,45020260
17/05/2022,481.98,0,481.8,0,0,44912069
16/05/2022,481.94,0,481.98,0,0,44795433
15/05/2022,482.55,0,481.94,0,0,44791170
12/05/2022,482.58,0,482.55,0,0,44848373
11/05/2022,482.47,0,482.58,0,0,44851431
10/05/2022,481.61,0,482.47,0,0,44840909
09/05/2022,484.54,0,481.61,0,0,44627498
08/05/2022,488.18,0,484.54,0,0,44899160
03/05/2022,487.6,0,488.18,0,0,45237089
02/05/2022,488.7,0,487.6,0,0,45182882
01/05/2022,489.42,0,488.7,0,0,45284854
28/04/2022,488.2,0,489.42,0,0,45351375
27/04/2022,488.2,0,488.2,0,0,40205767
26/04/2022,487.43,0,488.2,0,0,40205767
25/04/2022,486.29,0,487.43,0,0,40142336
24/04/2022,487.96,0,486.29,0,0,40047968
20/04/2022,487.15,0,487.96,0,0,40185500
19/04/2022,487.85,0,487.15,0,0,40118904
18/04/2022,487.16,0,487.85,0,0,40176949
17/04/2022,487.45,0,487.16,0,0,40119695
14/04/2022,486.65,0,487.45,0,0,40143791
13/04/2022,485.18,0,486.65,0,0,40077450
12/04/2022,487.13,0,485.18,0,0,39957020
11/04/2022,489.85,0,487.13,0,0,40117474
10/04/2022,492.63,0,489.85,0,0,40341640
07/04/2022,493.56,0,492.63,0,0,40570504
06/04/2022,495.53,0,493.56,0,0,40647234
05/04/2022,496.43,0,495.53,0,0,40808990
04/04/2022,495.1,0,496.43,0,0,40882963
03/04/2022,496.51,0,495.1,0,0,40773969
31/03/2022,493.81,0,496.51,0,0,40889396
30/03/2022,491.07,0,493.81,0,0,40667093
29/03/2022,489.22,0,491.07,0,0,60640655
28/03/2022,487.79,0,489.22,0,0,60412303
27/03/2022,490.65,0,487.79,0,0,60234707
24/03/2022,493.07,0,490.65,0,0,60587994
23/03/2022,492.5,0,493.07,0,0,60886974
22/03/2022,495.62,0,492.5,0,0,60817041
21/03/2022,498.04,0,495.62,0,0,61202511
20/03/2022,497.27,0,498.04,0,0,61500645
16/03/2022,500.1,0,497.27,0,0,61406059
15/03/2022,498.44,0,500.1,0,0,62411871
14/03/2022,499.47,0,498.44,0,0,62203872
13/03/2022,502.43,0,499.47,0,0,62332621
10/03/2022,504.04,0,502.43,0,0,62702092
09/03/2022,502.89,0,504.04,0,0,62902564
08/03/2022,503.36,0,502.89,0,0,62759526
07/03/2022,504.73,0,503.36,0,0,62818365
06/03/2022,504.53,0,504.73,0,0,62988929
03/03/2022,505.87,0,504.53,0,0,62963911
02/03/2022,506.02,0,505.87,0,0,63130744
01/03/2022,503.85,0,506.02,0,0,63150138
28/02/2022,503.14,0,503.85,0,0,62878959
27/02/2022,504.62,0,503.14,0,0,62791092
24/02/2022,505.03,0,504.62,0,0,62975700
23/02/2022,508.55,0,505.03,0,0,63025923
22/02/2022,511.53,0,508.55,0,0,63465666
21/02/2022,513.25,0,511.53,0,0,63837192
20/02/2022,513.03,0,513.25,0,0,64052957
17/02/2022,510.71,0,513.03,0,0,64025203
16/02/2022,511.23,0,510.71,0,0,63735055
15/02/2022,511,0,511.23,0,0,63800506
14/02/2022,511.44,0,511,0,0,63771014
13/02/2022,512.19,0,511.44,0,0,63826095
10/02/2022,513.11,0,512.19,0,0,63920537
09/02/2022,512.49,0,513.11,0,0,64034373
08/02/2022,511.34,0,512.49,0,0,63957789
07/02/2022,510.5,0,511.34,0,0,63814044
06/02/2022,513.15,0,510.5,0,0,63709597
03/02/2022,515.21,0,513.15,0,0,64040042
02/02/2022,515.18,0,515.21,0,0,64296922
01/02/2022,515.78,0,515.18,0,0,64293347
31/01/2022,518.08,0,515.78,0,0,64368122
30/01/2022,517.31,0,518.08,0,0,64655231
27/01/2022,517.59,0,517.31,0,0,64558669
26/01/2022,517.53,0,517.59,0,0,64593391
25/01/2022,517.9,0,517.53,0,0,64586649
24/01/2022,519.38,0,517.9,0,0,64632943
23/01/2022,520.31,0,519.38,0,0,64817567
20/01/2022,519.38,0,520.31,0,0,64933332
19/01/2022,518.93,0,519.38,0,0,64817832
18/01/2022,518.82,0,518.93,0,0,64760677
17/01/2022,520.28,0,518.82,0,0,64747394
16/01/2022,522.73,0,520.28,0,0,64929182
13/01/2022,522.53,0,522.73,0,0,65234767
12/01/2022,522.55,0,522.53,0,0,65210433
11/01/2022,523.48,0,522.55,0,0,65212744
10/01/2022,524.81,0,523.48,0,0,65329000
09/01/2022,526.75,0,524.81,0,0,65494296
06/01/2022,528.49,0,526.75,0,0,65736912
05/01/2022,528.35,0,528.49,0,0,65954388
04/01/2022,528.4,0,528.35,0,0,65937241
03/01/2022,528.9,0,528.4,0,0,65942717
02/01/2022,528.12,0,528.9,0,0,66005385
30/12/2021,528.36,0,528.12,0,0,65908205
29/12/2021,529.07,0,528.36,0,0,65937542
28/12/2021,528,0,529.07,0,0,66026870
27/12/2021,527.56,0,528,0,0,65892657
26/12/2021,527.36,0,527.56,0,0,65837750
23/12/2021,528.2,0,527.36,0,0,65813289
22/12/2021,528.42,0,528.2,0,0,65918008
21/12/2021,530.31,0,528.42,0,0,65945462
20/12/2021,529.98,0,530.31,0,0,66181084
19/12/2021,529.84,0,529.98,0,0,66139587
16/12/2021,528.64,0,529.84,0,0,66122867
15/12/2021,530.02,0,528.64,0,0,65972772
14/12/2021,531.09,0,530.02,0,0,66144671
13/12/2021,530.54,0,531.09,0,0,66278866
12/12/2021,531.53,0,530.54,0,0,66209868
09/12/2021,530.23,0,531.53,0,0,67047066
08/12/2021,531.83,0,530.23,0,0,66883155
07/12/2021,533.39,0,531.83,0,0,67085191
06/12/2021,532.93,0,533.39,0,0,67282093
05/12/2021,531.84,0,532.93,0,0,67223165
02/12/2021,530.38,0,531.84,0,0,67086902
01/12/2021,532.47,0,530.38,0,0,66902029
30/11/2021,530.87,0,532.47,0,0,67165586
29/11/2021,530.89,0,530.87,0,0,66963616
28/11/2021,528.81,0,530.89,0,0,66966203
25/11/2021,526.4,0,528.81,0,0,66704296
24/11/2021,526.53,0,526.4,0,0,66399583
23/11/2021,527.19,0,526.53,0,0,66416204
22/11/2021,527.74,0,527.19,0,0,66499780
21/11/2021,526.68,0,527.74,0,0,67714801
18/11/2021,524.45,0,526.68,0,0,67578912
17/11/2021,522.77,0,524.45,0,0,67291749
16/11/2021,520.02,0,522.77,0,0,67076523
15/11/2021,519.23,0,520.02,0,0,66723851
14/11/2021,518.81,0,519.23,0,0,66622764
11/11/2021,519.31,0,518.81,0,0,66568603
10/11/2021,520.86,0,519.31,0,0,66632639
09/11/2021,519.92,0,520.86,0,0,66831809
08/11/2021,519.98,0,519.92,0,0,66710560
07/11/2021,518.64,0,519.98,0,0,66719219
04/11/2021,517.01,0,518.64,0,0,66547037
03/11/2021,518.29,0,517.01,0,0,66337805
02/11/2021,517.25,0,518.29,0,0,66501764
01/11/2021,519.05,0,517.25,0,0,66368007
31/10/2021,519.22,0,519.05,0,0,66599449
28/10/2021,518.74,0,519.22,0,0,66620545
27/10/2021,518.08,0,518.74,0,0,86251110
26/10/2021,518.52,0,518.08,0,0,86141879
25/10/2021,519.73,0,518.52,0,0,86214303
24/10/2021,520.04,0,519.73,0,0,86416456
21/10/2021,521.59,0,520.04,0,0,86467764
20/10/2021,521.15,0,521.59,0,0,86725020
19/10/2021,521.17,0,521.15,0,0,86651874
18/10/2021,523.33,0,521.17,0,0,87609474
17/10/2021,524.12,0,523.33,0,0,87971823
14/10/2021,523.08,0,524.12,0,0,88104991
13/10/2021,521.68,0,523.08,0,0,89269996
12/10/2021,520.17,0,521.68,0,0,89031488
11/10/2021,519.24,0,520.17,0,0,88774732
10/10/2021,520.38,0,519.24,0,0,88615929
07/10/2021,520.66,0,520.38,0,0,88810244
06/10/2021,520.35,0,520.66,0,0,88857942
05/10/2021,520.61,0,520.35,0,0,88804516
04/10/2021,522.19,0,520.61,0,0,88849544
03/10/2021,521.86,0,522.19,0,0,89118693
30/09/2021,523.5,0,521.86,0,0,89063284
29/09/2021,524.23,0,523.5,0,0,89342527
26/09/2021,525.67,0,524.23,0,0,89467020
23/09/2021,525.2,0,525.67,0,0,89713069
22/09/2021,525.06,0,525.2,0,0,89633177
19/09/2021,526.47,0,525.06,0,0,89609401
14/09/2021,525.82,0,526.47,0,0,90276613
13/09/2021,525.44,0,525.82,0,0,90165017
12/09/2021,525.54,0,525.44,0,0,90100310
09/09/2021,525.61,0,525.54,0,0,90116660
05/09/2021,526.56,0,525.61,0,0,90127912
02/09/2021,528.16,0,526.56,0,0,90291045
01/09/2021,529.46,0,528.16,0,0,90566321
31/08/2021,529.77,0,529.46,0,0,90789500
30/08/2021,529.53,0,529.77,0,0,90841513
29/08/2021,528.56,0,529.53,0,0,90800444
26/08/2021,528.01,0,528.56,0,0,90635025
25/08/2021,528.5,0,528.01,0,0,90540391
24/08/2021,528.8,0,528.5,0,0,90624738
23/08/2021,529.28,0,528.8,0,0,90675774
22/08/2021,528.85,0,529.28,0,0,90758419
19/08/2021,528.33,0,528.85,0,0,90685049
18/08/2021,528.22,0,528.33,0,0,90595822
17/08/2021,528.03,0,528.22,0,0,90534669
16/08/2021,527.48,0,528.03,0,0,90301187
15/08/2021,527.12,0,527.48,0,0,90206507
12/08/2021,527.11,0,527.12,0,0,90145544
11/08/2021,527.23,0,527.11,0,0,90142510
10/08/2021,528.2,0,527.23,0,0,90164047
09/08/2021,528.15,0,528.2,0,0,90329973
08/08/2021,529.5,0,528.15,0,0,90321993
05/08/2021,529.35,0,529.5,0,0,90552833
04/08/2021,529.07,0,529.35,0,0,90526275
03/08/2021,528.49,0,529.07,0,0,90478886
02/08/2021,527.77,0,528.49,0,0,90379082
01/08/2021,526.98,0,527.77,0,0,90255639
29/07/2021,526.92,0,526.98,0,0,90121150
28/07/2021,526.91,0,526.92,0,0,90110254
27/07/2021,526.48,0,526.91,0,0,90108260
26/07/2021,526.69,0,526.48,0,0,90036103
25/07/2021,525.9,0,526.69,0,0,90071119
22/07/2021,525.25,0,525.9,0,0,89936114
21/07/2021,526.13,0,525.25,0,0,89825069
20/07/2021,525.52,0,526.13,0,0,89907875
19/07/2021,524.55,0,525.52,0,0,89554876
15/07/2021,523.76,0,524.55,0,0,89388995
14/07/2021,524.19,0,523.76,0,0,89254538
13/07/2021,524.98,0,524.19,0,0,89327375
12/07/2021,525.27,0,524.98,0,0,89213180
11/07/2021,526.39,0,525.27,0,0,89263085
08/07/2021,525.48,0,526.39,0,0,89452570
07/07/2021,524.83,0,525.48,0,0,89297364
06/07/2021,523.91,0,524.83,0,0,89187452
05/07/2021,524.67,0,523.91,0,0,88682082
04/07/2021,523.85,0,524.67,0,0,88812072
01/07/2021,523.54,0,523.85,0,0,88671740
30/06/2021,523.11,0,523.54,0,0,88619458
29/06/2021,523.21,0,523.11,0,0,88546846
28/06/2021,522.93,0,523.21,0,0,88217393
27/06/2021,523.47,0,522.93,0,0,88169178
24/06/2021,522.74,0,523.47,0,0,88261014
23/06/2021,521.77,0,522.74,0,0,88136742
22/06/2021,521.74,0,521.77,0,0,87973281
21/06/2021,522.21,0,521.74,0,0,87969413
20/06/2021,520.84,0,522.21,0,0,88047408
17/06/2021,521.47,0,520.84,0,0,87817215
16/06/2021,519.49,0,521.47,0,0,87923389
15/06/2021,519.55,0,519.49,0,0,87544032
14/06/2021,519.15,0,519.55,0,0,87160100
13/06/2021,518.26,0,519.15,0,0,87093497
10/06/2021,518.71,0,518.26,0,0,86945228
09/06/2021,517.6,0,518.71,0,0,87019821
08/06/2021,518.2,0,517.6,0,0,86833839
07/06/2021,519.92,0,518.2,0,0,86934650
06/06/2021,519.51,0,519.92,0,0,87222418
03/06/2021,518.78,0,519.51,0,0,87154602
02/06/2021,518.88,0,518.78,0,0,87030879
01/06/2021,520.16,0,518.88,0,0,86703484
31/05/2021,519.75,0,520.16,0,0,86917435
30/05/2021,519.75,0,519.75,0,0,86849881
27/05/2021,520.46,0,519.75,0,0,86849223
26/05/2021,520.28,0,520.46,0,0,86968813
25/05/2021,520.26,0,520.28,0,0,86823845
24/05/2021,519.79,0,520.26,0,0,86425492
23/05/2021,519.81,0,519.79,0,0,86347395
20/05/2021,519.56,0,519.81,0,0,86349524
19/05/2021,519.52,0,519.56,0,0,86309267
18/05/2021,517.18,0,519.52,0,0,86301893
13/05/2021,517.25,0,517.18,0,0,85913430
12/05/2021,516.6,0,517.25,0,0,85924854
11/05/2021,519.28,0,516.6,0,0,85817552
10/05/2021,520.51,0,519.28,0,0,85918599
09/05/2021,521,0,520.51,0,0,86121500
06/05/2021,522.15,0,521,0,0,86203847
05/05/2021,522.96,0,522.15,0,0,86333392
04/05/2021,522.54,0,522.96,0,0,86170306
03/05/2021,521.69,0,522.54,0,0,86100116
02/05/2021,521.47,0,521.69,0,0,85961182
29/04/2021,522.55,0,521.47,0,0,85923783
28/04/2021,523.6,0,522.55,0,0,86541860
27/04/2021,524.65,0,523.6,0,0,86710135
26/04/2021,524.82,0,524.65,0,0,86484191
25/04/2021,524.74,0,524.82,0,0,86512121
22/04/2021,524.51,0,524.74,0,0,86499662
21/04/2021,524.13,0,524.51,0,0,86462254
20/04/2021,523.81,0,524.13,0,0,86398377
19/04/2021,523.86,0,523.81,0,0,86346858
18/04/2021,522.53,0,523.86,0,0,86354187
13/04/2021,522.61,0,522.53,0,0,86134665
12/04/2021,522.7,0,522.61,0,0,85801100
11/04/2021,522.54,0,522.7,0,0,85815765
08/04/2021,521.97,0,522.54,0,0,85788953
07/04/2021,522.12,0,521.97,0,0,85571648
06/04/2021,521.57,0,522.12,0,0,85149871
05/04/2021,521.7,0,521.57,0,0,85060505
04/04/2021,521.99,0,521.7,0,0,85081888
01/04/2021,521.68,0,521.99,0,0,85128220
31/03/2021,521.21,0,521.68,0,0,85078696
30/03/2021,523.89,0,521.21,0,0,85002115
29/03/2021,523.73,0,523.89,0,0,85437684
25/03/2021,521.9,0,523.73,0,0,85412686
24/03/2021,520.64,0,521.9,0,0,85113709
22/03/2021,518.65,0,520.64,0,0,84908806
21/03/2021,518.04,0,518.65,0,0,84584389
18/03/2021,518.77,0,518.04,0,0,84484630
17/03/2021,519.51,0,518.77,0,0,85209721
16/03/2021,519.42,0,519.51,0,0,84728171
15/03/2021,519.53,0,519.42,0,0,84265361
14/03/2021,521.09,0,519.53,0,0,84283293
11/03/2021,521.28,0,521.09,0,0,84535397
10/03/2021,521.09,0,521.28,0,0,84567216
09/03/2021,520.12,0,521.09,0,0,84448392
08/03/2021,519.3,0,520.12,0,0,83942058
07/03/2021,520.95,0,519.3,0,0,83809601
04/03/2021,521.19,0,520.95,0,0,84076355
03/03/2021,522.19,0,521.19,0,0,84115256
02/03/2021,521.79,0,522.19,0,0,84275981
01/03/2021,520.35,0,521.79,0,0,84211801
28/02/2021,519.3,0,520.35,0,0,83978717
25/02/2021,520.07,0,519.3,0,0,83808897
24/02/2021,521.81,0,520.07,0,0,83835534
23/02/2021,522.14,0,521.81,0,0,83616925
22/02/2021,522.34,0,522.14,0,0,83268812
21/02/2021,523.63,0,522.34,0,0,83300710
18/02/2021,524.68,0,523.63,0,0,83505471
17/02/2021,524.07,0,524.68,0,0,83674379
16/02/2021,525.55,0,524.07,0,0,83576754
15/02/2021,527.03,0,525.55,0,0,83306415
14/02/2021,528.32,0,527.03,0,0,83542327
11/02/2021,527.9,0,528.32,0,0,83746068
10/02/2021,527.78,0,527.9,0,0,83507809
09/02/2021,526.42,0,527.78,0,0,82799707
08/02/2021,526.76,0,526.42,0,0,82586775
07/02/2021,527.63,0,526.76,0,0,82639138
04/02/2021,527.38,0,527.63,0,0,82776524
03/02/2021,527.7,0,527.38,0,0,82736761
02/02/2021,528.81,0,527.7,0,0,82787470
01/02/2021,529.28,0,528.81,0,0,82502126
31/01/2021,529.85,0,529.28,0,0,82575737
28/01/2021,530.4,0,529.85,0,0,82663668
27/01/2021,529.93,0,530.4,0,0,82749749
26/01/2021,530.3,0,529.93,0,0,82545339
25/01/2021,529.36,0,530.3,0,0,82142338
24/01/2021,528.51,0,529.36,0,0,81996498
21/01/2021,530.14,0,528.51,0,0,81864289
20/01/2021,530.62,0,530.14,0,0,82117105
19/01/2021,530.31,0,530.62,0,0,82191407
18/01/2021,530.22,0,530.31,0,0,82143864
17/01/2021,529.66,0,530.22,0,0,82129881
14/01/2021,528.34,0,529.66,0,0,82042506
13/01/2021,527.18,0,528.34,0,0,81658206
12/01/2021,526.27,0,527.18,0,0,80740640
11/01/2021,527.09,0,526.27,0,0,80143980
10/01/2021,527.95,0,527.09,0,0,80268361
07/01/2021,529.29,0,527.95,0,0,80399329
06/01/2021,530.02,0,529.29,0,0,80603422
05/01/2021,530.12,0,530.02,0,0,80601769
04/01/2021,529.38,0,530.12,0,0,80153979
03/01/2021,530.34,0,529.38,0,0,80043168
31/12/2020,529.99,0,530.34,0,0,80188164
30/12/2020,529.64,0,529.99,0,0,80134071
29/12/2020,529.11,0,529.64,0,0,80081697
28/12/2020,529.97,0,529.11,0,0,80002273
27/12/2020,529.75,0,529.97,0,0,80132381
24/12/2020,528.87,0,529.75,0,0,80098347
23/12/2020,529.34,0,528.87,0,0,79965157
22/12/2020,528.63,0,529.34,0,0,80037260
21/12/2020,527.7,0,528.63,0,0,79928776
20/12/2020,527.15,0,527.7,0,0,79788292
17/12/2020,526.17,0,527.15,0,0,79705557
16/12/2020,526.62,0,526.17,0,0,79555489
15/12/2020,526.59,0,526.62,0,0,79392615
14/12/2020,527.41,0,526.59,0,0,78877609
13/12/2020,526.77,0,527.41,0,0,78999987
10/12/2020,526.96,0,526.77,0,0,78905250
09/12/2020,527.38,0,526.96,0,0,78933674
08/12/2020,527.48,0,527.38,0,0,78995564
07/12/2020,526.99,0,527.48,0,0,79011364
06/12/2020,527.52,0,526.99,0,0,78937352
03/12/2020,526.81,0,527.52,0,0,79017052
02/12/2020,527.53,0,526.81,0,0,78911267
01/12/2020,528.18,0,527.53,0,0,78964711
30/11/2020,528.48,0,528.18,0,0,78653370
29/11/2020,528.3,0,528.48,0,0,78697108
26/11/2020,528.06,0,528.3,0,0,78671572
25/11/2020,527.93,0,528.06,0,0,78548706
24/11/2020,528.52,0,527.93,0,0,77987938
23/11/2020,528.6,0,528.52,0,0,78074810
22/11/2020,528.56,0,528.6,0,0,78087843
19/11/2020,528.48,0,528.56,0,0,78081658
18/11/2020,528.44,0,528.48,0,0,78069457
17/11/2020,527.95,0,528.44,0,0,77884858
16/11/2020,527.57,0,527.95,0,0,77300338
15/11/2020,527.73,0,527.57,0,0,77244101
12/11/2020,526.65,0,527.73,0,0,77268231
11/11/2020,526.31,0,526.65,0,0,77087711
10/11/2020,524.75,0,526.31,0,0,76957058
09/11/2020,525.89,0,524.75,0,0,76729600
08/11/2020,526.43,0,525.89,0,0,76895973
05/11/2020,525.84,0,526.43,0,0,76974805
04/11/2020,524.55,0,525.84,0,0,76888168
03/11/2020,525.63,0,524.55,0,0,76699648
02/11/2020,526.18,0,525.63,0,0,76349012
01/11/2020,526.92,0,526.18,0,0,76428966
29/10/2020,528.26,0,526.92,0,0,76537109
28/10/2020,528.16,0,528.26,0,0,76731751
27/10/2020,528.5,0,528.16,0,0,76716864
26/10/2020,528.42,0,528.5,0,0,76765461
25/10/2020,528.36,0,528.42,0,0,76754510
22/10/2020,528.83,0,528.36,0,0,76745198
21/10/2020,529.08,0,528.83,0,0,76813387
20/10/2020,529.1,0,529.08,0,0,76716876
19/10/2020,529.25,0,529.1,0,0,76204274
18/10/2020,529.01,0,529.25,0,0,77256055
15/10/2020,528.47,0,529.01,0,0,77220902
14/10/2020,528.29,0,528.47,0,0,77142128
13/10/2020,527.23,0,528.29,0,0,76948198
12/10/2020,527.31,0,527.23,0,0,76229945
11/10/2020,527.33,0,527.31,0,0,76241130
08/10/2020,527.05,0,527.33,0,0,76243750
07/10/2020,527.29,0,527.05,0,0,76203363
06/10/2020,527.86,0,527.29,0,0,76238862
05/10/2020,528.74,0,527.86,0,0,76321068
04/10/2020,528.95,0,528.74,0,0,76448000
01/10/2020,529.56,0,528.95,0,0,76478276
30/09/2020,529.73,0,529.56,0,0,76409248
29/09/2020,529.39,0,529.73,0,0,75916782
24/09/2020,529.81,0,529.39,0,0,75867890
23/09/2020,530.58,0,529.81,0,0,75928095
22/09/2020,530.98,0,530.58,0,0,76038516
21/09/2020,529.68,0,530.98,0,0,76095878
17/09/2020,528.99,0,529.68,0,0,75910696
16/09/2020,528.03,0,528.99,0,0,76194100
15/09/2020,527.72,0,528.03,0,0,76055889
14/09/2020,527.95,0,527.72,0,0,76011193
13/09/2020,528.06,0,527.95,0,0,76044738
10/09/2020,528.79,0,528.06,0,0,76060108
09/09/2020,528.87,0,528.79,0,0,76165817
08/09/2020,528.31,0,528.87,0,0,76024210
07/09/2020,528.6,0,528.31,0,0,75376357
06/09/2020,528.91,0,528.6,0,0,75417013
03/09/2020,529.27,0,528.91,0,0,75461198
02/09/2020,529.72,0,529.27,0,0,75512231
01/09/2020,529.94,0,529.72,0,0,75577501
31/08/2020,530.07,0,529.94,0,0,75608999
30/08/2020,529.66,0,530.07,0,0,75626708
27/08/2020,529.04,0,529.66,0,0,96423951
26/08/2020,529.24,0,529.04,0,0,96311668
25/08/2020,529.89,0,529.24,0,0,96346952
24/08/2020,529.85,0,529.89,0,0,96466495
23/08/2020,529.92,0,529.85,0,0,96459496
20/08/2020,529.68,0,529.92,0,0,96472078
19/08/2020,529.84,0,529.68,0,0,96427163
18/08/2020,530.02,0,529.84,0,0,96694599
17/08/2020,530.08,0,530.02,0,0,96209650
16/08/2020,530.33,0,530.08,0,0,96220637
13/08/2020,529.9,0,530.33,0,0,96265040
12/08/2020,530.09,0,529.9,0,0,96187994
11/08/2020,530.4,0,530.09,0,0,96221887
10/08/2020,530.31,0,530.4,0,0,96277821
09/08/2020,530.64,0,530.31,0,0,96261814
06/08/2020,530.52,0,530.64,0,0,96321432
05/08/2020,530.3,0,530.52,0,0,96281599
04/08/2020,530.13,0,530.3,0,0,96154633
03/08/2020,530.7,0,530.13,0,0,95606702
02/08/2020,530.63,0,530.7,0,0,95708343
29/07/2020,530.3,0,530.63,0,0,95695408
28/07/2020,530.31,0,530.3,0,0,95636751
27/07/2020,530.44,0,530.31,0,0,95223478
26/07/2020,530.32,0,530.44,0,0,95247780
23/07/2020,530.01,0,530.32,0,0,95226293
22/07/2020,530.2,0,530.01,0,0,95169912
21/07/2020,530.29,0,530.2,0,0,95186789
20/07/2020,530.51,0,530.29,0,0,94787610
19/07/2020,532.22,0,530.51,0,0,94827213
16/07/2020,530.89,0,532.22,0,0,95132885
15/07/2020,530.82,0,530.89,0,0,94894903
14/07/2020,530.2,0,530.82,0,0,94882585
13/07/2020,530.98,0,530.2,0,0,94772278
12/07/2020,530.65,0,530.98,0,0,94911486
09/07/2020,530.18,0,530.65,0,0,94853547
08/07/2020,531.11,0,530.18,0,0,94638803
07/07/2020,531.33,0,531.11,0,0,94005834
06/07/2020,531.01,0,531.33,0,0,93575534
05/07/2020,530.47,0,531.01,0,0,93519350
02/07/2020,529.99,0,530.47,0,0,93423813
01/07/2020,530.41,0,529.99,0,0,93340285
30/06/2020,530.36,0,530.41,0,0,93413982
29/06/2020,530.84,0,530.36,0,0,93404519
28/06/2020,530.63,0,530.84,0,0,93490052
25/06/2020,530.52,0,530.63,0,0,93451956
24/06/2020,530.16,0,530.52,0,0,93432500
23/06/2020,529.91,0,530.16,0,0,93369727
22/06/2020,529.62,0,529.91,0,0,93325045
21/06/2020,529.54,0,529.62,0,0,93274603
18/06/2020,529.25,0,529.54,0,0,93259974
17/06/2020,528.35,0,529.25,0,0,93209404
16/06/2020,527.61,0,528.35,0,0,92913873
15/06/2020,527.37,0,527.61,0,0,92322400
14/06/2020,527.07,0,527.37,0,0,92279382
11/06/2020,526.06,0,527.07,0,0,92227351
10/06/2020,525.3,0,526.06,0,0,92051214
09/06/2020,524.24,0,525.3,0,0,91794932
08/06/2020,525.27,0,524.24,0,0,91151326
04/06/2020,525.67,0,525.27,0,0,91330080
03/06/2020,525.7,0,525.67,0,0,91399984
02/06/2020,525.91,0,525.7,0,0,91272979
01/06/2020,525.9,0,525.91,0,0,90848308
31/05/2020,525.91,0,525.9,0,0,90846933
27/05/2020,526.23,0,525.91,0,0,90848555
26/05/2020,525.88,0,526.23,0,0,90903867
25/05/2020,526.09,0,525.88,0,0,90843500
24/05/2020,526.1,0,526.09,0,0,90878774
21/05/2020,526.04,0,526.1,0,0,90881652
20/05/2020,525.3,0,526.04,0,0,90698717
19/05/2020,525.24,0,525.3,0,0,89865985
18/05/2020,525.4,0,525.24,0,0,89498046
17/05/2020,526.05,0,525.4,0,0,89525261
14/05/2020,525.56,0,526.05,0,0,89635395
13/05/2020,525.03,0,525.56,0,0,89552900
12/05/2020,524.64,0,525.03,0,0,89462620
11/05/2020,523.97,0,524.64,0,0,89395029
10/05/2020,522.33,0,523.97,0,0,89282234
07/05/2020,520.99,0,522.33,0,0,89002395
06/05/2020,521.5,0,520.99,0,0,88573001
05/05/2020,521.91,0,521.5,0,0,87662673
04/05/2020,523.05,0,521.91,0,0,87274956
03/05/2020,524.36,0,523.05,0,0,87466795
30/04/2020,524.8,0,524.36,0,0,87684674
27/04/2020,524.73,0,524.8,0,0,87452403
26/04/2020,523.65,0,524.73,0,0,90368043
23/04/2020,523.44,0,523.65,0,0,90181180
22/04/2020,523.7,0,523.44,0,0,90075384
21/04/2020,524.86,0,523.7,0,0,89531886
20/04/2020,525.84,0,524.86,0,0,89173377
19/04/2020,526.34,0,525.84,0,0,89340261
16/04/2020,525.18,0,526.34,0,0,89428353
13/04/2020,524.56,0,525.18,0,0,89232020
12/04/2020,523.17,0,524.56,0,0,89125612
07/04/2020,524,0,523.17,0,0,88707502
06/04/2020,514.67,0,524,0,0,88293789
05/04/2020,513.94,0,514.67,0,0,86720316
02/04/2020,513.37,0,513.94,0,0,86598634
01/04/2020,514.36,0,513.37,0,0,86501927
31/03/2020,514.04,0,514.36,0,0,85966856
30/03/2020,515.79,0,514.04,0,0,85416829
29/03/2020,517.31,0,515.79,0,0,80335942
26/03/2020,517.06,0,517.31,0,0,80573048
25/03/2020,515.39,0,517.06,0,0,80464086
24/03/2020,513.01,0,515.39,0,0,80203682
23/03/2020,503.47,0,513.01,0,0,79536946
22/03/2020,506.24,0,503.47,0,0,78058117
19/03/2020,505.48,0,506.24,0,0,78488027
18/03/2020,508.86,0,505.48,0,0,78697220
17/03/2020,512.71,0,508.86,0,0,79221991
16/03/2020,514.35,0,512.71,0,0,79574471
15/03/2020,513.65,0,514.35,0,0,79829050
12/03/2020,520.75,0,513.65,0,0,79720123
11/03/2020,525.57,0,520.75,0,0,80821381
09/03/2020,528.68,0,525.57,0,0,81317233
08/03/2020,530.92,0,528.68,0,0,81799077
05/03/2020,533.05,0,530.92,0,0,82145368
04/03/2020,531.46,0,533.05,0,0,82475265
03/03/2020,527.63,0,531.46,0,0,82227992
01/03/2020,528.61,0,527.63,0,0,81636862
27/02/2020,527.58,0,528.61,0,0,81787462
26/02/2020,528.25,0,527.58,0,0,81628159
25/02/2020,527.66,0,528.25,0,0,81711605
24/02/2020,526.16,0,527.66,0,0,81367595
23/02/2020,525.12,0,526.16,0,0,81137329
20/02/2020,525.08,0,525.12,0,0,80977349
19/02/2020,525.22,0,525.08,0,0,80970379
18/02/2020,525.62,0,525.22,0,0,80974541
17/02/2020,525.9,0,525.62,0,0,80783764
16/02/2020,524.79,0,525.9,0,0,80827327
13/02/2020,524.43,0,524.79,0,0,80657189
12/02/2020,523.96,0,524.43,0,0,80600839
11/02/2020,523.31,0,523.96,0,0,80479323
10/02/2020,522.89,0,523.31,0,0,80127736
09/02/2020,522.67,0,522.89,0,0,80063126
06/02/2020,521.87,0,522.67,0,0,80029799
05/02/2020,521.37,0,521.87,0,0,79907361
04/02/2020,521.44,0,521.37,0,0,79579693
03/02/2020,521.76,0,521.44,0,0,79590449
02/02/2020,521.44,0,521.76,0,0,79639905
30/01/2020,521.15,0,521.44,0,0,79590967
29/01/2020,521.39,0,521.15,0,0,79546453
28/01/2020,522.07,0,521.39,0,0,79583343
27/01/2020,521.97,0,522.07,0,0,79687355
26/01/2020,521.51,0,521.97,0,0,79671588
23/01/2020,521.64,0,521.51,0,0,79601531
22/01/2020,521.14,0,521.64,0,0,79621040
21/01/2020,520.69,0,521.14,0,0,79545435
20/01/2020,520.61,0,520.69,0,0,79476203
19/01/2020,520.75,0,520.61,0,0,79465035
16/01/2020,520.63,0,520.75,0,0,79486191
15/01/2020,520.92,0,520.63,0,0,79467811
14/01/2020,520.85,0,520.92,0,0,79511306
13/01/2020,521.13,0,520.85,0,0,79501462
12/01/2020,520.7,0,521.13,0,0,79543363
09/01/2020,521.05,0,520.7,0,0,79477352
08/01/2020,521.18,0,521.05,0,0,79531869
07/01/2020,521.34,0,521.18,0,0,79550948
06/01/2020,521.46,0,521.34,0,0,79575863
05/01/2020,520.48,0,521.46,0,0,79594568
02/01/2020,519.37,0,520.48,0,0,79444685
01/01/2020,519.02,0,519.37,0,0,79275522
31/12/2019,518.86,0,519.02,0,0,79221539
30/12/2019,519.43,0,518.86,0,0,79197521
29/12/2019,518.97,0,519.43,0,0,79283415
26/12/2019,518.89,0,518.97,0,0,79213877
25/12/2019,519.01,0,518.89,0,0,79201475
24/12/2019,518.75,0,519.01,0,0,79220286
23/12/2019,518.55,0,518.75,0,0,79180802
22/12/2019,518.97,0,518.55,0,0,79149445
19/12/2019,519.26,0,518.97,0,0,79214559
18/12/2019,520.17,0,519.26,0,0,79257661
17/12/2019,521.14,0,520.17,0,0,79397770
16/12/2019,521.4,0,521.14,0,0,79544935
15/12/2019,520.45,0,521.4,0,0,79584617
12/12/2019,520.56,0,520.45,0,0,79439008
11/12/2019,519.82,0,520.56,0,0,79456781
10/12/2019,518.93,0,519.82,0,0,79342907
09/12/2019,518.25,0,518.93,0,0,79208378
08/12/2019,519.06,0,518.25,0,0,79103562
05/12/2019,519.99,0,519.06,0,0,79227690
04/12/2019,520.34,0,519.99,0,0,79369001
03/12/2019,518.79,0,520.34,0,0,79423326
02/12/2019,519.91,0,518.79,0,0,79185686
01/12/2019,520.28,0,519.91,0,0,79356868
28/11/2019,519.41,0,520.28,0,0,79413125
27/11/2019,519.09,0,519.41,0,0,79281191
26/11/2019,518.3,0,519.09,0,0,79231825
25/11/2019,519.05,0,518.3,0,0,79111117
24/11/2019,518.29,0,519.05,0,0,79225560
21/11/2019,517.78,0,518.29,0,0,79793019
20/11/2019,517.65,0,517.78,0,0,80333031
19/11/2019,518.18,0,517.65,0,0,80312480
18/11/2019,516.74,0,518.18,0,0,80395538
17/11/2019,515.64,0,516.74,0,0,80170965
14/11/2019,515.31,0,515.64,0,0,80000926
13/11/2019,514.7,0,515.31,0,0,79683310
12/11/2019,515.56,0,514.7,0,0,78660954
11/11/2019,515.51,0,515.56,0,0,78792125
10/11/2019,516.16,0,515.51,0,0,78784394
07/11/2019,517.19,0,516.16,0,0,78882623
06/11/2019,516.24,0,517.19,0,0,79040491
05/11/2019,517.16,0,516.24,0,0,78895928
04/11/2019,518.09,0,517.16,0,0,79036799
03/11/2019,518.03,0,518.09,0,0,79178274
31/10/2019,516.28,0,518.03,0,0,79168606
30/10/2019,516.06,0,516.28,0,0,78835700
29/10/2019,516.82,0,516.06,0,0,78238556
28/10/2019,517.95,0,516.82,0,0,78075724
27/10/2019,518.5,0,517.95,0,0,78245916
24/10/2019,517.92,0,518.5,0,0,78329576
23/10/2019,517.71,0,517.92,0,0,78241715
22/10/2019,516.37,0,517.71,0,0,78209298
17/10/2019,516.29,0,516.37,0,0,78007915
16/10/2019,517.05,0,516.29,0,0,79056049
15/10/2019,517.48,0,517.05,0,0,79172096
10/10/2019,519.01,0,517.48,0,0,79237984
07/10/2019,518.77,0,519.01,0,0,79130730
06/10/2019,519.02,0,518.77,0,0,79095174
03/10/2019,519.12,0,519.02,0,0,79133123
02/10/2019,516.8,0,519.12,0,0,79147709
26/09/2019,517,0,516.8,0,0,78793833
25/09/2019,516.39,0,517,0,0,78824923
24/09/2019,515.18,0,516.39,0,0,78671063
23/09/2019,514.19,0,515.18,0,0,78152579
22/09/2019,513.18,0,514.19,0,0,78002715
19/09/2019,513.68,0,513.18,0,0,77850596
18/09/2019,511.8,0,513.68,0,0,78255058
16/09/2019,511.73,0,511.8,0,0,77562246
15/09/2019,513.63,0,511.73,0,0,77550408
12/09/2019,511.69,0,513.63,0,0,77839433
11/09/2019,510.8,0,511.69,0,0,77464253
10/09/2019,511,0,510.8,0,0,76792147
09/09/2019,512.55,0,511,0,0,76486177
08/09/2019,512.7,0,512.55,0,0,76718087
05/09/2019,515.23,0,512.7,0,0,76740726
04/09/2019,516.22,0,515.23,0,0,77118936
03/09/2019,515.89,0,516.22,0,0,77175209
02/09/2019,516.72,0,515.89,0,0,76729994
01/09/2019,516.11,0,516.72,0,0,76852182
29/08/2019,517.02,0,516.11,0,0,76761720
28/08/2019,515.72,0,517.02,0,0,76897748
27/08/2019,515.6,0,515.72,0,0,76704380
26/08/2019,516.81,0,515.6,0,0,76686262
25/08/2019,513.29,0,516.81,0,0,76865520
22/08/2019,514.73,0,513.29,0,0,76341830
21/08/2019,517.46,0,514.73,0,0,76556235
20/08/2019,517.49,0,517.46,0,0,76963117
19/08/2019,520.06,0,517.49,0,0,76966812
18/08/2019,518.36,0,520.06,0,0,77673124
15/08/2019,516.88,0,518.36,0,0,77419494
14/08/2019,513.06,0,516.88,0,0,77198164
13/08/2019,512.7,0,513.06,0,0,76542040
12/08/2019,511.98,0,512.7,0,0,76206688
08/08/2019,513.31,0,511.98,0,0,76100854
07/08/2019,511.67,0,513.31,0,0,76297775
06/08/2019,513.84,0,511.67,0,0,76053855
05/08/2019,513.6,0,513.84,0,0,76377180
04/08/2019,509.46,0,513.6,0,0,76341600
01/08/2019,507.66,0,509.46,0,0,75726247
31/07/2019,504.98,0,507.66,0,0,75457587
30/07/2019,504.14,0,504.98,0,0,74976795
29/07/2019,503.38,0,504.14,0,0,74576232
28/07/2019,502.82,0,503.38,0,0,74464471
25/07/2019,503.46,0,502.82,0,0,74381268
24/07/2019,501.86,0,503.46,0,0,74475859
23/07/2019,501.44,0,501.86,0,0,74166552
22/07/2019,500.68,0,501.44,0,0,73832006
21/07/2019,500.24,0,500.68,0,0,73721051
18/07/2019,500.69,0,500.24,0,0,73655223
17/07/2019,500.45,0,500.69,0,0,73721947
16/07/2019,500.04,0,500.45,0,0,72886417
15/07/2019,499.04,0,500.04,0,0,72826118
14/07/2019,499.68,0,499.04,0,0,72681372
11/07/2019,499.45,0,499.68,0,0,72773661
10/07/2019,498.82,0,499.45,0,0,72740719
09/07/2019,498.95,0,498.82,0,0,72609080
08/07/2019,498.57,0,498.95,0,0,72356855
07/07/2019,499.47,0,498.57,0,0,72301406
04/07/2019,498.19,0,499.47,0,0,72432688
03/07/2019,495.76,0,498.19,0,0,72246536
02/07/2019,495,0,495.76,0,0,71835066
01/07/2019,495.03,0,495,0,0,71456439
30/06/2019,495.49,0,495.03,0,0,71460123
27/06/2019,495.91,0,495.49,0,0,71526985
26/06/2019,496.57,0,495.91,0,0,71587313
25/06/2019,496.06,0,496.57,0,0,71683434
24/06/2019,496.89,0,496.06,0,0,71393644
23/06/2019,497.78,0,496.89,0,0,71514379
20/06/2019,495.41,0,497.78,0,0,71642527
19/06/2019,495.62,0,495.41,0,0,71301336
18/06/2019,494.42,0,495.62,0,0,71255911
17/06/2019,494.87,0,494.42,0,0,70761702
16/06/2019,494.58,0,494.87,0,0,70825815
13/06/2019,494.3,0,494.58,0,0,70784622
12/06/2019,493.64,0,494.3,0,0,70744138
11/06/2019,494.34,0,493.64,0,0,70649497
10/06/2019,495.32,0,494.34,0,0,70483209
06/06/2019,494.99,0,495.32,0,0,70622867
05/06/2019,494.64,0,494.99,0,0,70575773
04/06/2019,495,0,494.64,0,0,70525365
03/06/2019,494.54,0,495,0,0,70255139
02/06/2019,490.86,0,494.54,0,0,70189071
30/05/2019,492.27,0,490.86,0,0,69667616
29/05/2019,491.71,0,492.27,0,0,69868032
28/05/2019,491.86,0,491.71,0,0,69468777
27/05/2019,492.09,0,491.86,0,0,69490331
26/05/2019,490.9,0,492.09,0,0,69522070
23/05/2019,489.2,0,490.9,0,0,69354231
22/05/2019,488.72,0,489.2,0,0,69072617
21/05/2019,489.33,0,488.72,0,0,68331203
20/05/2019,488.24,0,489.33,0,0,68416700
19/05/2019,487.8,0,488.24,0,0,68264431
16/05/2019,485.84,0,487.8,0,0,68203253
15/05/2019,484.59,0,485.84,0,0,67928965
14/05/2019,484.73,0,484.59,0,0,67677183
13/05/2019,483.51,0,484.73,0,0,67382624
12/05/2019,483.81,0,483.51,0,0,67212196
07/05/2019,483.75,0,483.81,0,0,67254634
06/05/2019,484.43,0,483.75,0,0,67245854
05/05/2019,484.87,0,484.43,0,0,67340543
02/05/2019,485.96,0,484.87,0,0,67401108
01/05/2019,485.57,0,485.96,0,0,67553126
30/04/2019,485.8,0,485.57,0,0,67483048
29/04/2019,486.79,0,485.8,0,0,67252065
28/04/2019,486.46,0,486.79,0,0,67389763
24/04/2019,485.94,0,486.46,0,0,67343801
23/04/2019,486.16,0,485.94,0,0,67271776
22/04/2019,486.22,0,486.16,0,0,67302946
21/04/2019,485.63,0,486.22,0,0,67311037
18/04/2019,484.88,0,485.63,0,0,67229647
17/04/2019,485.02,0,484.88,0,0,67124992
16/04/2019,483.76,0,485.02,0,0,67077926
15/04/2019,482.79,0,483.76,0,0,66642433
14/04/2019,484.3,0,482.79,0,0,66508234
11/04/2019,484.44,0,484.3,0,0,66716741
10/04/2019,482.44,0,484.44,0,0,66735737
08/04/2019,481.01,0,482.44,0,0,66064778
07/04/2019,480.98,0,481.01,0,0,65868768
04/04/2019,481.17,0,480.98,0,0,65864664
03/04/2019,482.01,0,481.17,0,0,65891303
02/04/2019,483.12,0,482.01,0,0,66006146
01/04/2019,485.25,0,483.12,0,0,66158493
31/03/2019,486.41,0,485.25,0,0,66449168
28/03/2019,486.7,0,486.41,0,0,66607903
27/03/2019,485,0,486.7,0,0,84994557
26/03/2019,484.42,0,485,0,0,84665235
25/03/2019,484.54,0,484.42,0,0,84356650
24/03/2019,481.61,0,484.54,0,0,84375879
20/03/2019,480.88,0,481.61,0,0,83866025
19/03/2019,480.98,0,480.88,0,0,83738738
18/03/2019,481.06,0,480.98,0,0,84396192
17/03/2019,481.32,0,481.06,0,0,84409139
14/03/2019,481.37,0,481.32,0,0,84454887
13/03/2019,480.58,0,481.37,0,0,84464226
12/03/2019,479.94,0,480.58,0,0,84325750
11/03/2019,480.72,0,479.94,0,0,83954963
10/03/2019,481.52,0,480.72,0,0,84091220
07/03/2019,479.84,0,481.52,0,0,84232633
06/03/2019,479.31,0,479.84,0,0,83938712
05/03/2019,479.66,0,479.31,0,0,83844361
04/03/2019,479.48,0,479.66,0,0,83648671
03/03/2019,481.18,0,479.48,0,0,83618053
28/02/2019,481.1,0,481.18,0,0,83913903
27/02/2019,481.39,0,481.1,0,0,83901121
26/02/2019,480.58,0,481.39,0,0,83883640
25/02/2019,479.99,0,480.58,0,0,83484858
24/02/2019,479.19,0,479.99,0,0,83382194
21/02/2019,480.43,0,479.19,0,0,83243543
20/02/2019,480.17,0,480.43,0,0,83459304
19/02/2019,480.13,0,480.17,0,0,83336178
18/02/2019,479.5,0,480.13,0,0,83071315
17/02/2019,480.32,0,479.5,0,0,82962715
14/02/2019,478.79,0,480.32,0,0,83104588
13/02/2019,478.55,0,478.79,0,0,82840366
12/02/2019,479.06,0,478.55,0,0,82798195
11/02/2019,479.48,0,479.06,0,0,82631361
10/02/2019,479.23,0,479.48,0,0,82704012
07/02/2019,478.73,0,479.23,0,0,82660326
06/02/2019,477.96,0,478.73,0,0,82574306
05/02/2019,477.04,0,477.96,0,0,82377962
04/02/2019,477.88,0,477.04,0,0,81913681
03/02/2019,478.11,0,477.88,0,0,82057857
31/01/2019,476.13,0,478.11,0,0,82097749
30/01/2019,476.14,0,476.13,0,0,81757165
29/01/2019,475.45,0,476.14,0,0,81709646
28/01/2019,475.41,0,475.45,0,0,81337796
27/01/2019,475.3,0,475.41,0,0,81330115
24/01/2019,474.37,0,475.3,0,0,81311574
23/01/2019,474.06,0,474.37,0,0,81153434
22/01/2019,473.69,0,474.06,0,0,81100469
21/01/2019,475.05,0,473.69,0,0,80733384
20/01/2019,475.73,0,475.05,0,0,80964682
17/01/2019,475.6,0,475.73,0,0,81081212
16/01/2019,474.64,0,475.6,0,0,80921532
15/01/2019,474.1,0,474.64,0,0,80290632
14/01/2019,473.34,0,474.1,0,0,79895109
13/01/2019,472.98,0,473.34,0,0,79766256
10/01/2019,471.79,0,472.98,0,0,79706029
09/01/2019,472.68,0,471.79,0,0,79505229
08/01/2019,471.74,0,472.68,0,0,79654783
07/01/2019,470.54,0,471.74,0,0,79497538
06/01/2019,471.42,0,470.54,0,0,79294576
03/01/2019,470.15,0,471.42,0,0,79443327
02/01/2019,469.98,0,470.15,0,0,79229309
01/01/2019,469.39,0,469.98,0,0,79200349
31/12/2018,469.56,0,469.39,0,0,79100684
30/12/2018,468.54,0,469.56,0,0,79130263
27/12/2018,468.53,0,468.54,0,0,78957102
26/12/2018,467.93,0,468.53,0,0,78956554
25/12/2018,468.31,0,467.93,0,0,78855722
24/12/2018,467.45,0,468.31,0,0,78919833
23/12/2018,467.9,0,467.45,0,0,78773618
20/12/2018,466.38,0,467.9,0,0,78850481
19/12/2018,466.2,0,466.38,0,0,78593528
18/12/2018,465.66,0,466.2,0,0,78510416
17/12/2018,464.69,0,465.66,0,0,78220968
16/12/2018,465.43,0,464.69,0,0,78058723
13/12/2018,466.41,0,465.43,0,0,78181850
12/12/2018,467.82,0,466.41,0,0,78346439
11/12/2018,468.26,0,467.82,0,0,77982886
10/12/2018,468.01,0,468.26,0,0,77855737
09/12/2018,467.7,0,468.01,0,0,77815142
06/12/2018,466.77,0,467.7,0,0,77764005
05/12/2018,466.42,0,466.77,0,0,77609257
04/12/2018,466.36,0,466.42,0,0,77516715
03/12/2018,467.11,0,466.36,0,0,77307294
02/12/2018,467.22,0,467.11,0,0,77431594
29/11/2018,466.07,0,467.22,0,0,77449894
28/11/2018,466.22,0,466.07,0,0,80390128
27/11/2018,468.29,0,466.22,0,0,80415177
26/11/2018,470.25,0,468.29,0,0,80272102
25/11/2018,469.77,0,470.25,0,0,80607797
22/11/2018,469.84,0,469.77,0,0,80525833
21/11/2018,470.41,0,469.84,0,0,80537611
20/11/2018,469.66,0,470.41,0,0,80069661
19/11/2018,469.44,0,469.66,0,0,79391190
18/11/2018,469.05,0,469.44,0,0,79358161
15/11/2018,467.7,0,469.05,0,0,79292746
14/11/2018,466.87,0,467.7,0,0,79065158
13/11/2018,466.25,0,466.87,0,0,78924436
12/11/2018,466.34,0,466.25,0,0,78321920
11/11/2018,466.41,0,466.34,0,0,78336804
08/11/2018,466.6,0,466.41,0,0,78348835
07/11/2018,466.75,0,466.6,0,0,78380987
06/11/2018,467.47,0,466.75,0,0,78406136
05/11/2018,466.84,0,467.47,0,0,78027447
04/11/2018,467.73,0,466.84,0,0,77921952
01/11/2018,467.37,0,467.73,0,0,78070519
31/10/2018,468.12,0,467.37,0,0,78011267
29/10/2018,468.75,0,468.12,0,0,77887839
28/10/2018,468.4,0,468.75,0,0,77992411
25/10/2018,469.37,0,468.4,0,0,77934805
24/10/2018,469.33,0,469.37,0,0,78094842
23/10/2018,467.93,0,469.33,0,0,76857923
22/10/2018,467.57,0,467.93,0,0,76379264
21/10/2018,467.85,0,467.57,0,0,76320815
18/10/2018,467.92,0,467.85,0,0,76365393
17/10/2018,467.32,0,467.92,0,0,77437004
16/10/2018,467.74,0,467.32,0,0,76752382
15/10/2018,467.29,0,467.74,0,0,76572046
14/10/2018,467.59,0,467.29,0,0,76498731
11/10/2018,467.5,0,467.59,0,0,76546942
10/10/2018,468.41,0,467.5,0,0,76532780
09/10/2018,468.77,0,468.41,0,0,76301733
08/10/2018,467.3,0,468.77,0,0,76109747
07/10/2018,467.95,0,467.3,0,0,75871391
04/10/2018,469.45,0,467.95,0,0,75976986
03/10/2018,469.94,0,469.45,0,0,76221611
02/10/2018,469.89,0,469.94,0,0,76300427
27/09/2018,469.72,0,469.89,0,0,76292755
26/09/2018,469.27,0,469.72,0,0,73077379
25/09/2018,469.85,0,469.27,0,0,73007686
20/09/2018,470.48,0,469.85,0,0,73097072
17/09/2018,469.77,0,470.48,0,0,73195956
16/09/2018,468.6,0,469.77,0,0,73085385
13/09/2018,467.94,0,468.6,0,0,72902621
12/09/2018,468.67,0,467.94,0,0,72800257
06/09/2018,468.37,0,468.67,0,0,72914485
05/09/2018,469.25,0,468.37,0,0,72867478
04/09/2018,470.69,0,469.25,0,0,72754246
03/09/2018,471,0,470.69,0,0,72977989
02/09/2018,470.7,0,471,0,0,73026099
30/08/2018,471.51,0,470.7,0,0,72979162
29/08/2018,472.04,0,471.51,0,0,73104637
28/08/2018,472.13,0,472.04,0,0,73186452
27/08/2018,471.99,0,472.13,0,0,73200419
26/08/2018,471.65,0,471.99,0,0,73179835
23/08/2018,471.45,0,471.65,0,0,73126054
22/08/2018,470.73,0,471.45,0,0,73095843
21/08/2018,471.01,0,470.73,0,0,72983898
20/08/2018,470.57,0,471.01,0,0,73027785
19/08/2018,470.05,0,470.57,0,0,72959468
16/08/2018,468.56,0,470.05,0,0,73177492
15/08/2018,468.45,0,468.56,0,0,72942197
14/08/2018,469.66,0,468.45,0,0,71884534
13/08/2018,471.26,0,469.66,0,0,72070514
12/08/2018,471.03,0,471.26,0,0,72315033
09/08/2018,471.12,0,471.03,0,0,72280696
08/08/2018,470.22,0,471.12,0,0,72294052
07/08/2018,469.62,0,470.22,0,0,72155656
06/08/2018,469.37,0,469.62,0,0,72063325
05/08/2018,468.12,0,469.37,0,0,72026422
02/08/2018,467.76,0,468.12,0,0,71833156
01/08/2018,468.39,0,467.76,0,0,72238715
31/07/2018,468.55,0,468.39,0,0,72335487
30/07/2018,468.84,0,468.55,0,0,72359343
29/07/2018,468.94,0,468.84,0,0,72404355
26/07/2018,468.42,0,468.94,0,0,72420370
25/07/2018,467.77,0,468.42,0,0,72339876
24/07/2018,467.97,0,467.77,0,0,72239099
23/07/2018,469.13,0,467.97,0,0,72270812
19/07/2018,470.14,0,469.13,0,0,73534826
18/07/2018,470.31,0,470.14,0,0,73692397
17/07/2018,469.5,0,470.31,0,0,73719837
16/07/2018,470.8,0,469.5,0,0,73591742
15/07/2018,470.51,0,470.8,0,0,73796644
12/07/2018,470.38,0,470.51,0,0,73751221
11/07/2018,470.06,0,470.38,0,0,73729641
10/07/2018,467.96,0,470.06,0,0,73680034
09/07/2018,465.9,0,467.96,0,0,73350098
08/07/2018,465.99,0,465.9,0,0,73028061
05/07/2018,465.33,0,465.99,0,0,73042761
04/07/2018,465.85,0,465.33,0,0,72938906
03/07/2018,465.53,0,465.85,0,0,73020347
02/07/2018,468.78,0,465.53,0,0,72969746
01/07/2018,469.27,0,468.78,0,0,73480040
28/06/2018,468.8,0,469.27,0,0,73556543
27/06/2018,468.06,0,468.8,0,0,73406993
26/06/2018,467.79,0,468.06,0,0,73007632
25/06/2018,467.9,0,467.79,0,0,72765109
24/06/2018,468.35,0,467.9,0,0,72782379
21/06/2018,468.39,0,468.35,0,0,72852132
20/06/2018,468,0,468.39,0,0,72858449
19/06/2018,468.7,0,468,0,0,72797475
18/06/2018,470.62,0,468.7,0,0,72704899
17/06/2018,471.22,0,470.62,0,0,73002988
14/06/2018,471.27,0,471.22,0,0,73095315
13/06/2018,470.45,0,471.27,0,0,73103460
12/06/2018,471.08,0,470.45,0,0,72976705
11/06/2018,472.38,0,471.08,0,0,72872047
10/06/2018,472.37,0,472.38,0,0,73073601
07/06/2018,472.9,0,472.37,0,0,73071626
06/06/2018,473.43,0,472.9,0,0,73154491
05/06/2018,473.29,0,473.43,0,0,73217698
04/06/2018,473.85,0,473.29,0,0,72992675
03/06/2018,474.47,0,473.85,0,0,73078715
31/05/2018,474.49,0,474.47,0,0,73173768
30/05/2018,474.52,0,474.49,0,0,73176847
29/05/2018,474.06,0,474.52,0,0,73181471
28/05/2018,473.9,0,474.06,0,0,73110443
27/05/2018,471.68,0,473.9,0,0,73085729
24/05/2018,470.87,0,471.68,0,0,72744167
23/05/2018,469.97,0,470.87,0,0,72618732
22/05/2018,469.8,0,469.97,0,0,72439569
21/05/2018,469.88,0,469.8,0,0,72211678
17/05/2018,469.76,0,469.88,0,0,72223987
16/05/2018,469.74,0,469.76,0,0,72206648
15/05/2018,470.68,0,469.74,0,0,72203487
14/05/2018,471.63,0,470.68,0,0,72145264
13/05/2018,471.71,0,471.63,0,0,72291081
10/05/2018,470.89,0,471.71,0,0,72304235
09/05/2018,471.98,0,470.89,0,0,72177200
08/05/2018,472.53,0,471.98,0,0,72091894
07/05/2018,472.45,0,472.53,0,0,72176093
06/05/2018,472.68,0,472.45,0,0,72163149
03/05/2018,472.26,0,472.68,0,0,72199002
02/05/2018,471.86,0,472.26,0,0,72134265
01/05/2018,472.14,0,471.86,0,0,72073266
30/04/2018,472.54,0,472.14,0,0,71863783
29/04/2018,472.64,0,472.54,0,0,71924224
26/04/2018,471.28,0,472.64,0,0,71938409
25/04/2018,471.25,0,471.28,0,0,71732623
24/04/2018,471.58,0,471.25,0,0,71682805
23/04/2018,472.52,0,471.58,0,0,71530283
22/04/2018,474.86,0,472.52,0,0,71673908
17/04/2018,475.21,0,474.86,0,0,72029018
16/04/2018,474.95,0,475.21,0,0,72082011
15/04/2018,475,0,474.95,0,0,72042628
12/04/2018,475.19,0,475,0,0,72049381
11/04/2018,475.21,0,475.19,0,0,72079138
10/04/2018,476.04,0,475.21,0,0,72081078
09/04/2018,477.24,0,476.04,0,0,71951534
08/04/2018,477.04,0,477.24,0,0,72131907
04/04/2018,477.45,0,477.04,0,0,72101847
03/04/2018,477.91,0,477.45,0,0,72164685
02/04/2018,478.33,0,477.91,0,0,72233296
01/04/2018,478.05,0,478.33,0,0,72297607
29/03/2018,477.67,0,478.05,0,0,72254755
28/03/2018,477.36,0,477.67,0,0,93721361
27/03/2018,477.6,0,477.36,0,0,93635116
26/03/2018,477.28,0,477.6,0,0,93424921
25/03/2018,477.4,0,477.28,0,0,93361870
22/03/2018,475.47,0,477.4,0,0,93386714
21/03/2018,475.57,0,475.47,0,0,93008031
20/03/2018,475.44,0,475.57,0,0,93027451
19/03/2018,475.04,0,475.44,0,0,93002833
18/03/2018,474.96,0,475.04,0,0,94538520
15/03/2018,475.14,0,474.96,0,0,94524231
14/03/2018,474.62,0,475.14,0,0,94559912
13/03/2018,474.27,0,474.62,0,0,94393231
12/03/2018,474.22,0,474.27,0,0,94116416
11/03/2018,474.41,0,474.22,0,0,94106037
08/03/2018,474.59,0,474.41,0,0,94144887
07/03/2018,474.75,0,474.59,0,0,94179838
06/03/2018,474.78,0,474.75,0,0,94164997
05/03/2018,474.14,0,474.78,0,0,93910288
04/03/2018,473.64,0,474.14,0,0,93784020
28/02/2018,472.93,0,473.64,0,0,93684880
27/02/2018,472.62,0,472.93,0,0,93500193
26/02/2018,471.79,0,472.62,0,0,93179516
25/02/2018,470.96,0,471.79,0,0,93016490
22/02/2018,471.08,0,470.96,0,0,92851553
21/02/2018,470.58,0,471.08,0,0,92875122
20/02/2018,470.75,0,470.58,0,0,92777093
19/02/2018,471.6,0,470.75,0,0,92553222
18/02/2018,469.08,0,471.6,0,0,92721316
15/02/2018,468.56,0,469.08,0,0,92224784
14/02/2018,469.32,0,468.56,0,0,92124137
13/02/2018,469.65,0,469.32,0,0,92208994
12/02/2018,470,0,469.65,0,0,92018684
11/02/2018,471.27,0,470,0,0,92087260
08/02/2018,472.22,0,471.27,0,0,92335407
07/02/2018,472.94,0,472.22,0,0,92522458
06/02/2018,472.96,0,472.94,0,0,92662381
05/02/2018,473.1,0,472.96,0,0,92666464
04/02/2018,474.56,0,473.1,0,0,92693820
01/02/2018,475.35,0,474.56,0,0,92979901
31/01/2018,475.59,0,475.35,0,0,93134034
30/01/2018,475.55,0,475.59,0,0,93133975
29/01/2018,476.51,0,475.55,0,0,92865265
28/01/2018,476.79,0,476.51,0,0,93053641
25/01/2018,476.73,0,476.79,0,0,93108035
24/01/2018,477.16,0,476.73,0,0,93095297
23/01/2018,477.23,0,477.16,0,0,93154192
22/01/2018,476.8,0,477.23,0,0,92906594
21/01/2018,477.96,0,476.8,0,0,92821703
18/01/2018,478.18,0,477.96,0,0,93048548
17/01/2018,478.29,0,478.18,0,0,93065822
16/01/2018,478.13,0,478.29,0,0,92850223
15/01/2018,477.73,0,478.13,0,0,92557101
14/01/2018,476.86,0,477.73,0,0,92479252
11/01/2018,476.56,0,476.86,0,0,92311302
10/01/2018,477.34,0,476.56,0,0,92253336
09/01/2018,478.28,0,477.34,0,0,92404495
08/01/2018,477.26,0,478.28,0,0,92586395
07/01/2018,476.67,0,477.26,0,0,92387259
04/01/2018,477.09,0,476.67,0,0,92273924
03/01/2018,476.85,0,477.09,0,0,92354894
02/01/2018,477.74,0,476.85,0,0,92309184
01/01/2018,477.77,0,477.74,0,0,92481579
31/12/2017,477.14,0,477.77,0,0,92486897
28/12/2017,476.84,0,477.14,0,0,92365146
27/12/2017,476.55,0,476.84,0,0,92307741
26/12/2017,476.23,0,476.55,0,0,92251615
25/12/2017,475.67,0,476.23,0,0,92189340
24/12/2017,475.26,0,475.67,0,0,92081180
21/12/2017,475.24,0,475.26,0,0,92001168
20/12/2017,476.05,0,475.24,0,0,91997528
19/12/2017,476.78,0,476.05,0,0,92122028
18/12/2017,476.46,0,476.78,0,0,92054470
17/12/2017,474.5,0,476.46,0,0,91994243
14/12/2017,473.54,0,474.5,0,0,91615749
13/12/2017,473.28,0,473.54,0,0,91428963
12/12/2017,473.55,0,473.28,0,0,91350078
11/12/2017,473.26,0,473.55,0,0,91195573
10/12/2017,473.15,0,473.26,0,0,91141073
07/12/2017,473.27,0,473.15,0,0,91119386
06/12/2017,473.26,0,473.27,0,0,91142266
05/12/2017,472.84,0,473.26,0,0,91141113
04/12/2017,472.47,0,472.84,0,0,91059966
03/12/2017,473.48,0,472.47,0,0,90988432
30/11/2017,473.07,0,473.48,0,0,91182793
29/11/2017,473.57,0,473.07,0,0,91103261
28/11/2017,473.01,0,473.57,0,0,94977663
27/11/2017,473.36,0,473.01,0,0,94454691
26/11/2017,473.67,0,473.36,0,0,94524785
23/11/2017,473.15,0,473.67,0,0,94587291
22/11/2017,473.81,0,473.15,0,0,94484128
21/11/2017,473.71,0,473.81,0,0,94614716
20/11/2017,473.8,0,473.71,0,0,94387712
19/11/2017,473.6,0,473.8,0,0,94406604
16/11/2017,474.53,0,473.6,0,0,94384803
15/11/2017,474.1,0,474.53,0,0,94570055
14/11/2017,474.48,0,474.1,0,0,94483006
13/11/2017,474.28,0,474.48,0,0,94353357
12/11/2017,475.11,0,474.28,0,0,94313443
09/11/2017,475.5,0,475.11,0,0,94480071
08/11/2017,475.11,0,475.5,0,0,94557573
07/11/2017,474.64,0,475.11,0,0,94428839
06/11/2017,474.01,0,474.64,0,0,94078417
05/11/2017,473.19,0,474.01,0,0,93953239
02/11/2017,472.87,0,473.19,0,0,93790250
01/11/2017,472.95,0,472.87,0,0,93727814
31/10/2017,472.18,0,472.95,0,0,93666867
30/10/2017,471.33,0,472.18,0,0,93053391
29/10/2017,470.77,0,471.33,0,0,92884987
26/10/2017,470.95,0,470.77,0,0,92773993
25/10/2017,471.72,0,470.95,0,0,92809322
24/10/2017,472.17,0,471.72,0,0,92949166
23/10/2017,472.06,0,472.17,0,0,92833905
22/10/2017,473.05,0,472.06,0,0,92811987
19/10/2017,472.72,0,473.05,0,0,93007060
18/10/2017,473.11,0,472.72,0,0,94013637
17/10/2017,473.35,0,473.11,0,0,94055545
16/10/2017,473.29,0,473.35,0,0,93898470
15/10/2017,472.47,0,473.29,0,0,93886952
10/10/2017,472.51,0,472.47,0,0,93724467
09/10/2017,472.27,0,472.51,0,0,93732323
08/10/2017,472.18,0,472.27,0,0,93684369
03/10/2017,472.41,0,472.18,0,0,93642142
02/10/2017,472.28,0,472.41,0,0,93225578
01/10/2017,472.25,0,472.28,0,0,93200407
28/09/2017,472.34,0,472.25,0,0,93193944
27/09/2017,473.23,0,472.34,0,0,93212475
26/09/2017,473.29,0,473.23,0,0,92905044
25/09/2017,473.06,0,473.29,0,0,92401228
24/09/2017,473.61,0,473.06,0,0,92357367
19/09/2017,473.73,0,473.61,0,0,92463887
18/09/2017,474.41,0,473.73,0,0,92282230
17/09/2017,473.04,0,474.41,0,0,92413841
